Dúok mán sàvo pìnigus.	Duok man savo pinigus.	Give me your money.	pinigus	3	pinigas	Ncmpan-	1mascIAS
Àš niẽko nežinaũ apiẽ móteris.	Aš nieko nežinau apie moteris.	I know nothing about women.	moteris	4	moteris	Ncfpan-	3fem
Turiù dù sū́nus.	Turiu du sūnus.	I have two sons.	sūnus	2	sūnus	Ncmpan-	4masc
Žiūrė́k mán į̃ akìs.	Žiūrėk man į akis.	Look into my eyes.	akis	3	akis	Ncfpan-	3fem
Àš turiù trìs vaikùs.	Aš turiu tris vaikus.	I have three children.	vaikus	3	vaikas	Ncmpan-	1mascIAS
Jì palìko sàvo vaikùs.	Ji paliko savo vaikus.	She left her children.	vaikus	3	vaikas	Ncmpan-	1mascIAS
Jìs palìko pìnigus namiẽ.	Jis paliko pinigus namie.	He left the money at home.	pinigus	2	pinigas	Ncmpan-	1mascIAS
Výrai niẽko nežìno apiẽ móteris.	Vyrai nieko nežino apie moteris.	Men know nothing about women.	moteris	4	moteris	Ncfpan-	3fem
Àš nemačiaũ jõ kẽlias dienàs.	Aš nemačiau jo kelias dienas.	I haven't seen him in a few days.	dienas	4	diena	Ncfpan-	2femIA
Eĩk ir̃ atidarýk durìs.	Eik ir atidaryk duris.	Go and open the door.	duris	3	durys	Ncfpan-	3fem
Jìs ateĩna čià dù kartùs per̃ saváitę.	Jis ateina čia du kartus per savaitę.	He comes here twice a week.	kartus	4	kartas	Ncmpan-	1mascIAS
Taĩ àš, atidarýk durìs.	Tai aš, atidaryk duris.	It's me, open the door.	duris	4	durys	Ncfpan-	3fem
Dúok mán dvì minutès.	Duok man dvi minutes.	Give me two minutes.	minutes	3	minutė	Ncfpan-	2femĖ
Mùms nebùvo leñgva rastì jõ namùs.	Mums nebuvo lengva rasti jo namus.	It was not easy for us to find his house.	namus	5	namai	Ncmpan-	1mascIAS
Jìs palìko sàvo žmóną ir̃ vaikùs.	Jis paliko savo žmoną ir vaikus.	He left his wife and children.	vaikus	5	vaikas	Ncmpan-	1mascIAS
Laikýk sàvo rankàs vir̃š stãlo.	Laikyk savo rankas virš stalo.	Keep your hands above the table.	rankas	2	ranka	Ncfpan-	2femIA
Mẽs bùvome kartù tìk trìs mė́nesius.	Mes buvome kartu tik tris mėnesius.	We've only been together three months.	mėnesius	5	mėnuo	Ncmpan-	exception
Mán bùvo per̃ daũg gė́da pažiūrė́ti jái į̃ akìs.	Man buvo per daug gėda pažiūrėti jai į akis.	I was too embarrassed to look her in the eye.	akis	8	akis	Ncfpan-	3fem
Atnèšk visùs sàvo pìnigus.	Atnešk visus savo pinigus.	Bring all your money.	pinigus	3	pinigas	Ncmpan-	1mascIAS
Kadà jì pasãkė tuõs žodžiùs?	Kada ji pasakė tuos žodžius?	When did she say those words?	žodžius	4	žodis	Ncmpan-	1mascIS
Ar̃ padareĩ sàvo namų̃ dárbus pàts?	Ar padarei savo namų darbus pats?	Did you do your homework by yourself?	darbus	4	darbas	Ncmpan-	1mascIAS
Àš negaliù įsivaizdúoti kàd tù galė́tum pasakýti tókius dalykùs.	Aš negaliu įsivaizduoti kad tu galėtum pasakyti tokius dalykus.	I can't imagine that you could say such things.	dalykus	8	dalykas	Ncmpan-	1mascIAS
Mán reĩkia sù tavim̃ pasikalbė́ti akìs į̃ ãkį.	Man reikia su tavim pasikalbėti akis į akį.	I need to talk to you in person.	akis	5	akis	Ncfpan-	3fem
Àš galiù jùms paródyti dokumentùs.	Aš galiu jums parodyti dokumentus.	I can show the documents to you.	dokumentus	4	dokumentas	Ncmpan-	1mascIAS
Àš galiù paródyti jùms núotraukas.	Aš galiu parodyti jums nuotraukas.	I can show you the pictures.	nuotraukas	4	nuotrauka	Ncfpan-	2femIA
Àš galiù paródyti táu núotraukas.	Aš galiu parodyti tau nuotraukas.	I can show you the pictures.	nuotraukas	4	nuotrauka	Ncfpan-	2femIA
Àš galiù táu paródyti dokumentùs.	Aš galiu tau parodyti dokumentus.	I can show the documents to you.	dokumentus	4	dokumentas	Ncmpan-	1mascIAS
Àš mýliu visùs sàvo draugùs.	Aš myliu visus savo draugus.	I love my friends.	draugus	4	draugas	Ncmpan-	1mascIAS
Mẽs turė́sime lauktì penkiàs vãlandas.	Mes turėsime laukti penkias valandas.	We'll have to wait for five hours.	valandas	4	valanda	Ncfpan-	2femIA
Prašaũ paláuk penkiàs minutès.	Prašau palauk penkias minutes.	Please wait five minutes.	minutes	3	minutė	Ncfpan-	2femĖ
Tòmas pàvogė màno pìnigus.	Tomas pavogė mano pinigus.	Tom stole my money.	pinigus	3	pinigas	Ncmpan-	1mascIAS
Tù tùri atsakýti šiuõs kláusimus.	Tu turi atsakyti šiuos klausimus.	You must answer these questions.	klausimus	4	klausimas	Ncmpan-	1mascIAS
Ar̃ žinaĩ kur̃ Tòmas padė́jo raktùs?	Ar žinai kur Tomas padėjo raktus?	Do you know where Tom put the keys?	raktus	5	raktas	Ncmpan-	1mascIAS
Àš radaũ sàvo batùs.	Aš radau savo batus.	I found my shoes.	batus	3	batas	Ncmpan-	1mascIAS
Ìš kur̃ tù tùri visùs tuõs raktùs?	Iš kur tu turi visus tuos raktus?	Where did you get all those keys?	raktus	6	raktas	Ncmpan-	1mascIAS
Prãšome palauktì penkiàs minutès.	Prašome palaukti penkias minutes.	Please wait for five minutes.	minutes	3	minutė	Ncfpan-	2femĖ
Kókius žmónes mė́gsti labiáusiai?	Kokius žmones mėgsti labiausiai?	What kind of people do you like best?	žmones	1	žmogus	Ncmpan-	exception
Uždarýk vartùs.	Uždaryk vartus.	Lock the gate.	vartus	1	vartai	Ncmpan-	1mascIAS
Àš daviaũ sàvo knygàs tíems žmonė́ms.	Aš daviau savo knygas tiems žmonėms.	I gave my books to those people.	knygas	3	knyga	Ncfpan-	2femIA
Bóbas gãli atsakýti į̃ visùs kláusimus.	Bobas gali atsakyti į visus klausimus.	Bob can answer all the questions.	Bobas	0	boba	Ncfpan-	2femIA
Bóbas gãli atsakýti į̃ visùs kláusimus.	Bobas gali atsakyti į visus klausimus.	Bob can answer all the questions.	klausimus	5	klausimas	Ncmpan-	1mascIAS
Bóbas rãšo mán kar̃tą į̃ mė́nesį.	Bobas rašo man kartą į mėnesį.	Bob writes to me once a month.	Bobas	0	boba	Ncfpan-	2femIA
Bóbas ỹra màno draũgas.	Bobas yra mano draugas.	Bob is my friend.	Bobas	0	boba	Ncfpan-	2femIA
Kažkàs palìko durìs ãtviras.	Kažkas paliko duris atviras.	Someone must have left the door open.	duris	2	durys	Ncfpan-	3fem
Kókias vietàs norė́tum pamatýti?	Kokias vietas norėtum pamatyti?	What kind of places would you like to see?	vietas	1	vieta	Ncfpan-	2femIA
Kókias vietàs tù mė́gsti?	Kokias vietas tu mėgsti?	What kind of places do you like?	vietas	1	vieta	Ncfpan-	2femIA
Kur̃ tù mãtai knygàs?	Kur tu matai knygas?	Where do you see the books?	knygas	3	knyga	Ncfpan-	2femIA
Màno tė́vas paprãšė manę̃s atidarýti durìs.	Mano tėvas paprašė manęs atidaryti duris.	My father asked me to open the door.	duris	5	durys	Ncfpan-	3fem
Prašaũ uždarýti durìs.	Prašau uždaryti duris.	Please shut the door.	duris	2	durys	Ncfpan-	3fem
Ỹra svarbù skaitýti knygàs.	Yra svarbu skaityti knygas.	It's important to read books.	knygas	3	knyga	Ncfpan-	2femIA
Ar̃ esì pasiruõšęs išgirstì blogàs žiniàs?	Ar esi pasiruošęs išgirsti blogas žinias?	Are you ready to hear the bad news?	žinias	5	žinios	Ncfpan-	2femIA
Ar̃ esì pasiruõšusi išgirstì blogàs žiniàs?	Ar esi pasiruošusi išgirsti blogas žinias?	Are you ready to hear the bad news?	žinias	5	žinios	Ncfpan-	2femIA
Àš gavaũ tàs žiniàs tìk vãkar.	Aš gavau tas žinias tik vakar.	It was not until yesterday that I got the news.	žinias	3	žinios	Ncfpan-	2femIA
Àš norė́čiau pamatýti sàvo tėvùs.	Aš norėčiau pamatyti savo tėvus.	I'd like to see my parents.	tėvus	4	tėvai	Ncmpan-	1mascIAS
Jiẽ atvỹko į̃ Amèriką priẽš keliàs dienàs.	Jie atvyko į Ameriką prieš kelias dienas.	They arrived in America a few days ago.	dienas	6	diena	Ncfpan-	2femIA
Kaĩ jì čià atvažiuõs, pasakýk jái kàd àš pamiršaũ atneštì knygàs.	Kai ji čia atvažiuos, pasakyk jai kad aš pamiršau atnešti knygas.	When she comes here, tell her that I forgot to bring the books.	knygas	11	knyga	Ncfpan-	2femIA
Kuriàs núotraukas jì pasiriñko?	Kurias nuotraukas ji pasirinko?	Which photos did she choose?	nuotraukas	1	nuotrauka	Ncfpan-	2femIA
Markàs pasìėmė sàvo dáiktus ir̃ išė̃jo.	Markas pasiėmė savo daiktus ir išėjo.	Mark took his stuff and left.	daiktus	3	daiktas	Ncmpan-	1mascIAS
Pažį́stu tàs merginàs.	Pažįstu tas merginas.	I know those girls.	merginas	2	mergina	Ncfpan-	2femIA
Àš turiù júodas akìs.	Aš turiu juodas akis.	I have black eyes.	akis	3	akis	Ncfpan-	3fem
Màno vaikùs àtėmė ìš manę̃s.	Mano vaikus atėmė iš manęs.	My children were taken away from me.	vaikus	1	vaikas	Ncmpan-	1mascIAS
Àš daraũ tìlto núotraukas.	Aš darau tilto nuotraukas.	I am taking pictures of the bridge.	nuotraukas	3	nuotrauka	Ncfpan-	2femIA
Àš pérskaičiau kẽturias naujàs knygàs.	Aš perskaičiau keturias naujas knygas.	I read four new books.	knygas	4	knyga	Ncfpan-	2femIA
Neįmãnoma šìtą pabaigtì per̃ dvì dienàs.	Neįmanoma šitą pabaigti per dvi dienas.	It is impossible to finish this in two days.	dienas	5	diena	Ncfpan-	2femIA
Taĩp! Àš laimė́jau dù kartùs ìš eĩlės!	Taip! Aš laimėjau du kartus iš eilės!	Yes! I won twice in a row!	kartus	5	kartas	Ncmpan-	1mascIAS
Ar̃ rãdote sàvo láiškus?	Ar radote savo laiškus?	Did you find your letters?	laiškus	3	laiškas	Ncmpan-	1mascIAS
Griẽbk sàvo dáiktus.	Griebk savo daiktus.	Grab your stuff.	daiktus	2	daiktas	Ncmpan-	1mascIAS
Grį̃žkite į̃ sàvo vietàs.	Grįžkite į savo vietas.	Go back to your seats.	vietas	3	vieta	Ncfpan-	2femIA
Katė̃ tùri dvì ausìs.	Katė turi dvi ausis.	A cat has two ears.	ausis	3	ausis	Ncfpan-	3fem
Mán sunkù paáiškinti sàvo veiksmùs.	Man sunku paaiškinti savo veiksmus.	It's hard for me to explain my actions.	veiksmus	4	veiksmas	Ncmpan-	1mascIAS
Šiẽ var̃tai ỹra uždarýti visùs metùs.	Šie vartai yra uždaryti visus metus.	The gate is closed all the year round.	metus	5	metai	Ncmpan-	1mascIAS
Tòmas nenorė́jo niẽko žinóti apiẽ màno problemàs.	Tomas nenorėjo nieko žinoti apie mano problemas.	Tom didn't want to know about my problems.	problemas	6	problema	Ncfpan-	2femIA
Tù skaitaĩ màno mintìs.	Tu skaitai mano mintis.	You are reading my thoughts.	mintis	3	mintis	Ncfpan-	3fem
Ỹra rýtas. Vaikaĩ válgo pùsryčius.	Yra rytas. Vaikai valgo pusryčius.	It is morning. The children are eating breakfast.	pusryčius	5	pusrytis	Ncmpan-	1mascIS
Àš dúosiu táu penkìs dólerius.	Aš duosiu tau penkis dolerius.	I'll give you five dollars.	dolerius	4	doleris	Ncmpan-	1mascIS
Àš mýliu šunìs.	Aš myliu šunis.	I love dogs.	šunis	2	šuo	Ncmpan-	exception
Atvèsk tuõs výrus čià.	Atvesk tuos vyrus čia.	Bring those men here.	vyrus	2	vyras	Ncmpan-	1mascIAS
Įdomù žiūrė́ti į̃ žvaigždès.	Įdomu žiūrėti į žvaigždes.	It is interesting to watch stars.	žvaigždes	3	žvaigždė	Ncfpan-	2femĖ
Jì bùvo pirmóji mergáitė kurì laimė́jo tàs varžýbas.	Ji buvo pirmoji mergaitė kuri laimėjo tas varžybas.	She was the first girl to win that contest.	varžybas	7	varžybos	Ncfpan-	2femIA
Kókius fìlmus Tòmas mė́gsta?	Kokius filmus Tomas mėgsta?	What kind of movies does Tom like?	filmus	1	filmas	Ncmpan-	1mascIAS
Màno mamà tùri trìs šunìs.	Mano mama turi tris šunis.	My mum has three dogs.	šunis	4	šuo	Ncmpan-	exception
Miegójau tìk dvì vãlandas.	Miegojau tik dvi valandas.	I only slept two hours.	valandas	3	valanda	Ncfpan-	2femIA
Nè visì žmónės mė́gsta šunìs.	Ne visi žmonės mėgsta šunis.	Not all people like dogs.	šunis	4	šuo	Ncmpan-	exception
Ar̃ tù mateĩ jų̃ véidus?	Ar tu matei jų veidus?	Did you see their faces?	veidus	4	veidas	Ncmpan-	1mascIAS
Àš nóriu pamatýti gatvès.	Aš noriu pamatyti gatves.	I want to see the streets.	gatves	3	gatvė	Ncfpan-	2femĖ
Àš turiù išvalýti sàvo dantìs.	Aš turiu išvalyti savo dantis.	I have to brush my teeth.	dantis	4	dantis	Ncmpan-	3masc
Àš turiù mė́lynas akìs.	Aš turiu mėlynas akis.	I have blue eyes.	akis	3	akis	Ncfpan-	3fem
Jìs uždãrė durìs.	Jis uždarė duris.	He shut the door.	duris	2	durys	Ncfpan-	3fem
Màno brólis mė́gsta siaũbo fìlmus.	Mano brolis mėgsta siaubo filmus.	My brother likes horror movies.	filmus	4	filmas	Ncmpan-	1mascIAS
Tuõj pàt paruõšk sàvo namų̃ dárbus.	Tuoj pat paruošk savo namų darbus.	Do your homework right away.	namų	4	darbas	Ncmpan-	1mascIAS
Ar̃ girdė́jai naujíenas?	Ar girdėjai naujienas?	Did you hear the news?	naujienas	2	naujiena	Ncfpan-	2femIA
Ar̃ jū̃s pažį́state Tòmo tėvùs?	Ar jūs pažįstate Tomo tėvus?	Do you know Tom's parents?	tėvus	4	tėvai	Ncmpan-	1mascIAS
Ar̃ tù pamiršaĩ sàvo ginklùs automobìlyje?	Ar tu pamiršai savo ginklus automobilyje?	Did you forget your weapons in the car?	ginklus	4	ginklas	Ncmpan-	1mascIAS
Ar̃ tù pažį́sti Tòmo tėvùs?	Ar tu pažįsti Tomo tėvus?	Do you know Tom's parents?	tėvus	4	tėvai	Ncmpan-	1mascIAS
Àš atìdaviau sàvo ginklùs.	Aš atidaviau savo ginklus.	I gave my weapons away.	ginklus	3	ginklas	Ncmpan-	1mascIAS
Àš pažį́stu abì mergáites.	Aš pažįstu abi mergaites.	I know both of the girls.	mergaites	3	mergaitė	Ncfpan-	2femĖ
Jì prìėmė naujíenas ramiaĩ.	Ji priėmė naujienas ramiai.	She took the news calmly.	naujienas	2	naujiena	Ncfpan-	2femIA
Jìs dė̃vi ãkinius.	Jis dėvi akinius.	He is wearing glasses.	akinius	2	akiniai	Ncmpan-	1mascIAS
Jì tùri raudónas gėlès.	Ji turi raudonas gėles.	She has red flowers.	gėles	3	gėlė	Ncfpan-	2femĖ
Jõs kambarỹs tùri raudónas síenas.	Jos kambarys turi raudonas sienas.	Her room has red walls.	sienas	4	siena	Ncfpan-	2femIA
Kókias gėlès tù mė́gsti?	Kokias gėles tu mėgsti?	What kind of flowers do you like?	gėles	1	gėlė	Ncfpan-	2femĖ
Màno brólis ỹra dù metùs vyrèsnis ùž manè.	Mano brolis yra du metus vyresnis už mane.	My brother is two years older than I am.	metus	4	metai	Ncmpan-	1mascIAS
Paim̃k màno ãkinius.	Paimk mano akinius.	Take my glasses.	akinius	2	akiniai	Ncmpan-	1mascIAS
Prašaũ atidarýk durìs ir̃ įléisk manè.	Prašau atidaryk duris ir įleisk mane.	Open the door and let me in, please.	duris	2	durys	Ncfpan-	3fem
Tòmas pamir̃šo, kur̃ padė́jo sàvo ãkinius.	Tomas pamiršo, kur padėjo savo akinius.	Tom forgot where he put his glasses.	akinius	6	akiniai	Ncmpan-	1mascIAS
Tòmas susiriñko visùs sàvo dáiktus.	Tomas susirinko visus savo daiktus.	Tom gathered together all his belongings.	daiktus	4	daiktas	Ncmpan-	1mascIAS
Àš gavaĩ peñkerius metùs kalė́jime.	Aš gavai penkerius metus kalėjime.	I got five years in prison.	metus	3	metai	Ncmpan-	1mascIAS
Grį̃žkime į̃ sàvo vietàs.	Grįžkime į savo vietas.	Let's go back to our places.	vietas	3	vieta	Ncfpan-	2femIA
Jiẽ pamir̃šo užrakìnti durìs.	Jie pamiršo užrakinti duris.	They forgot to lock the door.	duris	3	durys	Ncfpan-	3fem
Jìs mýli gyvūnùs.	Jis myli gyvūnus.	He loves animals.	gyvūnus	2	gyvūnas	Ncmpan-	1mascIAS
Jìs nešiója ãkinius.	Jis nešioja akinius.	He is wearing glasses.	akinius	2	akiniai	Ncmpan-	1mascIAS
Kókias knygàs Tòmas skaĩto?	Kokias knygas Tomas skaito?	What kind of books does Tom read?	knygas	1	knyga	Ncfpan-	2femIA
Prãšome išvalýti pur̃vinas grindìs.	Prašome išvalyti purvinas grindis.	Please clean the dirty floor.	grindis	3	grindys	Ncfpan-	3fem
Tòmas diẽvina knygàs.	Tomas dievina knygas.	Tom loves books.	knygas	2	knyga	Ncfpan-	2femIA
Vagìs įė̃jo į̃ namùs prõ šiàs durìs.	Vagis įėjo į namus pro šias duris.	The burglar came into the house through this door.	Vagis	0	vagis	Nccpan-	
Vagìs įė̃jo į̃ namùs prõ šiàs durìs.	Vagis įėjo į namus pro šias duris.	The burglar came into the house through this door.	namus	3	namai	Ncmpan-	1mascIAS
Vagìs įė̃jo į̃ namùs prõ šiàs durìs.	Vagis įėjo į namus pro šias duris.	The burglar came into the house through this door.	duris	6	durys	Ncfpan-	3fem
Ar̃ tùri gėrimùs bè alkohòlio?	Ar turi gėrimus be alkoholio?	Do you have drinks without alcohol?	gėrimus	2	gėrimas	Ncmpan-	1mascIAS
Ar̃ tù žinaĩ kokiojè viẽtoje jìs galė́jo paslėptì sàvo pìnigus?	Ar tu žinai kokioje vietoje jis galėjo paslėpti savo pinigus?	Do you know where he could have hidden his money?	pinigus	9	pinigas	Ncmpan-	1mascIAS
Àš daviaũ tą̃ užsãkymą priẽš šešiàs vãlandas.	Aš daviau tą užsakymą prieš šešias valandas.	I gave that order six hours ago.	valandas	6	valanda	Ncfpan-	2femIA
Jì mòka trìs kalbàs.	Ji moka tris kalbas.	She can speak three languages.	kalbas	3	kalba	Ncfpan-	2femIA
Jì tùri ilgùs pláukus.	Ji turi ilgus plaukus.	She has long hair.	plaukus	3	plaukas	Ncmpan-	1mascIAS
Jì tùri labaĩ ilgùs pláukus.	Ji turi labai ilgus plaukus.	She has very long hair.	plaukus	4	plaukas	Ncmpan-	1mascIAS
Kaĩ àš žiūriù į̃ šią̃ núotrauką, visadà galvóju apiẽ senùs laikùs.	Kai aš žiūriu į šią nuotrauką, visada galvoju apie senus laikus.	When I see this picture, I always think of the old days.	laikus	11	laikas	Ncmpan-	1mascIAS
Marijà tùri ilgùs pláukus.	Marija turi ilgus plaukus.	Maria has long hair.	plaukus	3	plaukas	Ncmpan-	1mascIAS
Neišeĩk dabar̃. Mẽs ruõšiamės válgyti pietùs.	Neišeik dabar. Mes ruošiamės valgyti pietus.	Don't go out now. We're about to have lunch.	pietus	6	pietūs	Ncmpan-	
Visì jõs mokiniaĩ labaĩ mė́gsta skaitýti knygàs.	Visi jos mokiniai labai mėgsta skaityti knygas.	All her students really love to read books.	knygas	6	knyga	Ncfpan-	2femIA
Àš atsakiaũ į̃ visùs Tòmo kláusimus.	Aš atsakiau į visus Tomo klausimus.	I answered all of Tom's questions.	klausimus	5	klausimas	Ncmpan-	1mascIAS
Àš išléidau tìk trìs dólerius.	Aš išleidau tik tris dolerius.	I only spent three dollars.	dolerius	4	doleris	Ncmpan-	1mascIS
Àš mė́gstu keliáuti ir̃ lankýti naujàs vietàs.	Aš mėgstu keliauti ir lankyti naujas vietas.	I like to travel and visit new places.	vietas	6	vieta	Ncfpan-	2femIA
Àš mė́gstu ledùs.	Aš mėgstu ledus.	I like ice cream.	ledus	2	ledas	Ncmpan-	1mascIAS
Àš mókausi dù ùžsienio kalbàs.	Aš mokausi du užsienio kalbas.	I am learning two foreign languages.	kalbas	4	kalba	Ncfpan-	2femIA
Atidarýk durìs ir̃ įléisk màno kãtę.	Atidaryk duris ir įleisk mano katę.	Open the door to let my cat in.	duris	1	durys	Ncfpan-	3fem
Jì atidãrė durìs.	Ji atidarė duris.	She opened the door.	duris	2	durys	Ncfpan-	3fem
Jì mė́gsta ledùs.	Ji mėgsta ledus.	She has liking for ice cream.	ledus	2	ledas	Ncmpan-	1mascIAS
Jìs atidãrė automobìlio durìs.	Jis atidarė automobilio duris.	He opened the door of the car.	duris	3	durys	Ncfpan-	3fem
Kažkàs atidãrė durìs.	Kažkas atidarė duris.	Somebody opened the door.	duris	2	durys	Ncfpan-	3fem
Kókius ledùs tù mė́gsti?	Kokius ledus tu mėgsti?	What kind of ice cream do you like?	ledus	1	ledas	Ncmpan-	1mascIAS
Kókius tyrimùs jū́sų organizãcija ãtlieka?	Kokius tyrimus jūsų organizacija atlieka?	What kind of research does the organization do?	tyrimus	1	tyrimas	Ncmpan-	1mascIAS
Mẽs nórime žinóti faktùs.	Mes norime žinoti faktus.	We want to know the facts.	faktus	3	faktas	Ncmpan-	1mascIAS
Nuléiskite sàvo ginklùs!	Nuleiskite savo ginklus!	Put down your weapons!	ginklus	2	ginklas	Ncmpan-	1mascIAS
Priẽš dvejùs metùs àš visái negalė́jau žaistì krepšìnio.	Prieš dvejus metus aš visai negalėjau žaisti krepšinio.	Two years ago I could not play basketball at all.	metus	2	metai	Ncmpan-	1mascIAS
Šìs tìltas bùvo pastatýtas priẽš dvejùs metùs.	Šis tiltas buvo pastatytas prieš dvejus metus.	This bridge was built two years ago.	metus	6	metai	Ncmpan-	1mascIAS
Šiuõs váistus reĩkia vartóti trìs kartùs per̃ diẽną.	Šiuos vaistus reikia vartoti tris kartus per dieną.	These medicines should be taken three times a day.	vaistus	1	vaistas	Ncmpan-	1mascIAS
Šiuõs váistus reĩkia vartóti trìs kartùs per̃ diẽną.	Šiuos vaistus reikia vartoti tris kartus per dieną.	These medicines should be taken three times a day.	kartus	5	kartas	Ncmpan-	1mascIAS
Àš pažiūrė́jau jám į̃ akìs.	Aš pažiūrėjau jam į akis.	I looked him in the eyes.	akis	4	akis	Ncfpan-	3fem
Fìlmas trùko dvì vãlandas.	Filmas truko dvi valandas.	The film lasted 2 hours.	valandas	3	valanda	Ncfpan-	2femIA
Jíems patiñka stebė́ti paukščiùs.	Jiems patinka stebėti paukščius.	They like to observe birds.	paukščius	3	paukštis	Ncmpan-	1mascIS
Jì prižiū̃ri màno vaikùs.	Ji prižiūri mano vaikus.	She takes care of my children.	vaikus	3	vaikas	Ncmpan-	1mascIAS
Kãras trùko dvejùs metùs.	Karas truko dvejus metus.	The war lasted two years.	metus	3	metai	Ncmpan-	1mascIAS
Lietùs trùko kẽturias dienàs.	Lietus truko keturias dienas.	The rain lasted four days.	dienas	3	diena	Ncfpan-	2femIA
Lietùs trùko trìs dienàs.	Lietus truko tris dienas.	The rain lasted for three days.	dienas	3	diena	Ncfpan-	2femIA
Prãšome atidarýti durìs ir̃ įleistì manè.	Prašome atidaryti duris ir įleisti mane.	Open the door and let me in, please.	duris	2	durys	Ncfpan-	3fem
Susitikìmas trùko dvì vãlandas.	Susitikimas truko dvi valandas.	The meeting lasted two hours.	valandas	3	valanda	Ncfpan-	2femIA
Ar̃ jaũ atlikaĩ namų̃ dárbus?	Ar jau atlikai namų darbus?	Have you already done your homework?	darbus	4	darbas	Ncmpan-	1mascIAS
Àš padariaũ tàs pačiàs klaidàs kaĩp ir̃ pràeitą kar̃tą.	Aš padariau tas pačias klaidas kaip ir praeitą kartą.	I've made the same mistakes as I made last time.	pačias	3	klaida	Ncfpan-	2femIA
Jám patiñka skaitýti laĩkraščius.	Jam patinka skaityti laikraščius.	He likes to read newspapers.	laikraščius	3	laikraštis	Ncmpan-	1mascIS
Jìs grąžìno mán màno pìnigus.	Jis grąžino man mano pinigus.	He gave me back the money.	pinigus	4	pinigas	Ncmpan-	1mascIAS
Jìs mė́gsta skaitýti laĩkraščius.	Jis mėgsta skaityti laikraščius.	He likes to read newspapers.	laikraščius	3	laikraštis	Ncmpan-	1mascIS
Mẽs palìkome durìs ãtviras.	Mes palikome duris atviras.	We left the door open.	duris	2	durys	Ncfpan-	3fem
Nusivil̃k rūbùs ir̃ gul̃kis añt lóvos!	Nusivilk rūbus ir gulkis ant lovos!	Take off your clothes and lie down on the bed!	rūbus	1	rūbas	Ncmpan-	1mascIAS
Paũkščiai išskrìdo į̃ pietùs.	Paukščiai išskrido į pietus.	The birds flew to the south.	pietus	3	pietūs	Ncmpan-	
Paũkštis tùri sparnùs.	Paukštis turi sparnus.	A bird has wings.	sparnus	2	sparnas	Ncmpan-	1mascIAS
Pietùs kasdiẽn válgau vidùrdienį.	Pietus kasdien valgau vidurdienį.	I eat lunch every day at noon.	Pietus	0	pietūs	Ncmpan-	
Ỹra áišku kàd jìs pàvogė pìnigus ìš seĩfo.	Yra aišku kad jis pavogė pinigus iš seifo.	It's clear that he stole money from the safe.	pinigus	5	pinigas	Ncmpan-	1mascIAS
Àš padariaũ keliàs klaidàs per̃ egzãminą.	Aš padariau kelias klaidas per egzaminą.	I made several mistakes in the exam.	klaidas	3	klaida	Ncfpan-	2femIA
Dúok mán kẽturias báltas lėkštès.	Duok man keturias baltas lėkštes.	Give me four white plates.	lėkštes	4	lėkštė	Ncfpan-	2femĖ
Jiẽ dìrba aštúonias vãlandas per̃ diẽną.	Jie dirba aštuonias valandas per dieną.	They work eight hours a day.	valandas	3	valanda	Ncfpan-	2femIA
Jì parãšė knỹgą apiẽ žmónes jì aplañkė.	Ji parašė knygą apie žmones ji aplankė.	She wrote the book about people she visited.	žmones	4	žmogus	Ncmpan-	exception
Jìs dìrba aštúonias vãlandas per̃ diẽną.	Jis dirba aštuonias valandas per dieną.	He works eight hours every day.	valandas	3	valanda	Ncfpan-	2femIA
Jìs dìrba kiekvíeną diẽną põ aštúonias vãlandas.	Jis dirba kiekvieną dieną po aštuonias valandas.	He works eight hours every day.	valandas	6	valanda	Ncfpan-	2femIA
Jìs mė́gsta válgyti salotàs sù mėsà.	Jis mėgsta valgyti salotas su mėsa.	He likes to eat salad with meat.	salotas	3	salotos	Ncfpan-	2femIA
Jìs tùri dù automobiliùs.	Jis turi du automobilius.	He has two cars.	automobilius	3	automobilis	Ncmpan-	1mascIS
Jì užaugìno penkìs vaikùs.	Ji užaugino penkis vaikus.	She has brought up five children.	vaikus	3	vaikas	Ncmpan-	1mascIAS
Kàs suválgė visùs sausainiùs?	Kas suvalgė visus sausainius?	Who ate all the cookies?	sausainius	3	sausainis	Ncmpan-	1mascIS
Màno tetà užaugìno penkìs vaikùs.	Mano teta užaugino penkis vaikus.	My aunt brought up five children.	vaikus	4	vaikas	Ncmpan-	1mascIAS
Nupirkaũ dù bùtelius píeno.	Nupirkau du butelius pieno.	I bought two bottles of milk.	butelius	2	butelis	Ncmpan-	1mascIS
Padė́k pomidòrų salotàs į̃ šaldytùvą.	Padėk pomidorų salotas į šaldytuvą.	Put the tomato salad in the refrigerator.	salotas	2	salotos	Ncfpan-	2femIA
Tòmas žìno vìską ką̃ tìk gãlima žinóti apiẽ automobiliùs.	Tomas žino viską ką tik galima žinoti apie automobilius.	Tom knows everything there is to know about cars.	apie	7	automobilis	Ncmpan-	1mascIS
Àš mė́gstu katès.	Aš mėgstu kates.	I love cats.	kates	2	katė	Ncfpan-	2femĖ
Àš negaliù prisimiñti kur̃ pàslėpiau sàvo pìnigus.	Aš negaliu prisiminti kur paslėpiau savo pinigus.	I can't remember where I hid my money.	pinigus	6	pinigas	Ncmpan-	1mascIAS
Àš pradė́jau mókytis ánglų kalbõs priẽš šẽšerius metùs.	Aš pradėjau mokytis anglų kalbos prieš šešerius metus.	I started learning English six years ago.	metus	7	metai	Ncmpan-	1mascIAS
Àš turiù dvì katès.	Aš turiu dvi kates.	I have two cats.	kates	3	katė	Ncfpan-	2femĖ
Džeĩnė mė́gsta katès labiaũ neĩ šunìs.	Džeinė mėgsta kates labiau nei šunis.	Jane likes dogs better than cats.	kates	2	katė	Ncfpan-	2femĖ
Džeĩnė mė́gsta katès labiaũ neĩ šunìs.	Džeinė mėgsta kates labiau nei šunis.	Jane likes dogs better than cats.	šunis	5	šuo	Ncmpan-	exception
Ìš kõ tù išgirdaĩ šiàs naujíenas?	Iš ko tu išgirdai šias naujienas?	Who did you hear this news from?	naujienas	5	naujiena	Ncfpan-	2femIA
Jì atvė́rė durìs.	Ji atvėrė duris.	She opened the door.	duris	2	durys	Ncfpan-	3fem
Jì dãro pačiùs geriáusius sumuštiniùs pasáulyje.	Ji daro pačius geriausius sumuštinius pasaulyje.	She makes the best sandwiches in the world.	sumuštinius	4	sumuštinis	Ncmpan-	1mascIS
Jiẽ jaũ tùri trìs katès, jíems dár vienà nėrà reikalìnga.	Jie jau turi tris kates, jiems dar viena nėra reikalinga.	They already have three cats, they don't need another one.	kates	4	katė	Ncfpan-	2femĖ
Jì mė́gsta šiàs katès.	Ji mėgsta šias kates.	She likes these cats.	kates	3	katė	Ncfpan-	2femĖ
Jìs atsakỹs ùž sàvo nusikaltimùs.	Jis atsakys už savo nusikaltimus.	He will answer for his crimes.	nusikaltimus	4	nusikaltimas	Ncmpan-	1mascIAS
Jìs nóri vyktì į̃ Jungtinès Valstijàs.	Jis nori vykti į Jungtines Valstijas.	He wants to go to the United States.	Valstijas	5	valstija	Ncfpan-	2femIA
Jìs palìko sàvo tėvùs kaĩ jám bùvo aštuonerì.	Jis paliko savo tėvus kai jam buvo aštuoneri.	He left his parents when he was eight years old.	tėvus	3	tėvai	Ncmpan-	1mascIAS
Jìs tùri víeną šùnį ir̃ šešiàs katès.	Jis turi vieną šunį ir šešias kates.	He has one dog and six cats.	kates	6	katė	Ncfpan-	2femĖ
Jì turė́jo móters gálvą, liū̃to kū́ną, paũkščio sparnùs ir̃ gyvãtės úodegą.	Ji turėjo moters galvą, liūto kūną, paukščio sparnus ir gyvatės uodegą.	It had the head of a woman, the body of a lion, the wings of a bird, and the tail of a serpent.	sparnus	9	sparnas	Ncmpan-	1mascIAS
Kaĩp tù išgirdaĩ žiniàs?	Kaip tu išgirdai žinias?	How did you hear the news?	žinias	3	žinios	Ncfpan-	2femIA
Koncer̃tas turbū́t tę̃sis trìs vãlandas.	Koncertas turbūt tęsis tris valandas.	The concert will probably last three hours.	valandas	4	valanda	Ncfpan-	2femIA
Mẽs tùrime kãtę. Mẽs visì mýlime katès.	Mes turime katę. Mes visi mylime kates.	We have a cat. We all love cats.	kates	7	katė	Ncfpan-	2femĖ
Prašaũ išvalýk pur̃vinas grindìs.	Prašau išvalyk purvinas grindis.	Please clean the dirty floor.	grindis	3	grindys	Ncfpan-	3fem
Prašaũ prižiūrė́k màno katès kõl manę̃s nėrà.	Prašau prižiūrėk mano kates kol manęs nėra.	Please look after my cats while I'm away.	kates	3	katė	Ncfpan-	2femĖ
Sugadìnsi sáu akìs.	Sugadinsi sau akis.	You're going to ruin your eyes.	akis	2	akis	Ncfpan-	3fem
Tòmas nègeria kavõs, bèt jìs rū̃ko cigaretès.	Tomas negeria kavos, bet jis rūko cigaretes.	Tom doesn't drink coffee, but he smokes cigarettes.	cigaretes	7	cigaretė	Ncfpan-	2femĖ
Tònis galvójo apiẽ fãbriką ir̃ parduotuvès.	Tonis galvojo apie fabriką ir parduotuves.	Tony thought about the factory and the shops.	parduotuves	5	parduotuvė	Ncfpan-	2femĖ
Víeną diẽną norė́čiau nuvyktì į̃ Jungtinès Valstijàs.	Vieną dieną norėčiau nuvykti į Jungtines Valstijas.	I would like to go to the United States one day.	Valstijas	6	valstija	Ncfpan-	2femIA
Visì atsãkymai tùri būtì parašýti pagal̃ instrùkcijas.	Visi atsakymai turi būti parašyti pagal instrukcijas.	All answers must be written according to the instructions.	instrukcijas	6	instrukcija	Ncfpan-	2femIA
Atãskaitas reĩkia pristatýti ikì kìto pirmãdienio.	Ataskaitas reikia pristatyti iki kito pirmadienio.	Reports are due next Monday.	Ataskaitas	0	ataskaita	Ncfpan-	2femIA
Išmókyk juõs gamìnti salotàs.	Išmokyk juos gaminti salotas.	Teach them how to make a salad.	salotas	3	salotos	Ncfpan-	2femIA
Jìs papãsakojo vaikáms apiẽ sàvo núotykius Ãfrikoje.	Jis papasakojo vaikams apie savo nuotykius Afrikoje.	He told the children about his adventures in Africa.	nuotykius	5	nuotykis	Ncmpan-	1mascIS
Jì ùždaro durìs.	Ji uždaro duris.	She closes the door.	duris	2	durys	Ncfpan-	3fem
Lėktùvas nuskrìdo į̃ rýtus.	Lėktuvas nuskrido į rytus.	The plane flew east.	rytus	3	rytai	Ncmpan-	1mascIAS
Mẽs sùtarėme toliaũ tęstì derýbas.	Mes sutarėme toliau tęsti derybas.	We have agreed to continue the negotiations.	derybas	4	derybos	Ncfpan-	2femIA
Mokiniaĩ išbė́go prõ durìs.	Mokiniai išbėgo pro duris.	The students ran out through the door.	duris	3	durys	Ncfpan-	3fem
Palìk màno namùs ir̃ niekadà negrį̃žk.	Palik mano namus ir niekada negrįžk.	Leave my house and never return.	namus	2	namai	Ncmpan-	1mascIAS
Pažiūrė́k į̃ tuõs dū́mus.	Pažiūrėk į tuos dūmus.	Look at that smoke.	dūmus	3	dūmas	Ncmpan-	1mascIAS
Rykliaĩ ė́da žuvìs.	Rykliai ėda žuvis.	Sharks eat fish.	žuvis	2	žuvis	Ncfpan-	3fem
Tòmas kelìs kartùs paprãšė Mèrės atidarýti lángą.	Tomas kelis kartus paprašė Merės atidaryti langą.	Tom asked Mary several times to open the window.	kartus	2	kartas	Ncmpan-	1mascIAS
Tòmas paklaũsė Mèrės kókius jì mė́gsta fìlmus.	Tomas paklausė Merės kokius ji mėgsta filmus.	Tom asked Mary what kind of movies she liked.	filmus	6	filmas	Ncmpan-	1mascIAS
Tòmas pasirãšė visùs dokumentùs, kuriuõs jám dãvė Mèrės advokãtas.	Tomas pasirašė visus dokumentus, kuriuos jam davė Merės advokatas.	Tom signed all the documents Mary's lawyer gave him.	dokumentus	3	dokumentas	Ncmpan-	1mascIAS
Žinók sàvo šaknìs.	Žinok savo šaknis.	Know your roots.	šaknis	2	šaknis	Ncfpan-	3fem
Àš išvir̃siu táu bùlves.	Aš išvirsiu tau bulves.	I'll boil the potatoes for you.	bulves	3	bulvė	Ncfpan-	2femĖ
Àš nežinaũ niẽko apiẽ bùlves.	Aš nežinau nieko apie bulves.	I don't know anything about potatoes.	bulves	4	bulvė	Ncfpan-	2femĖ
Àš turiù dvì dukràs ir̃ dù sū́nus.	Aš turiu dvi dukras ir du sūnus.	I have two daughters and two sons.	dukras	3	dukra	Ncfpan-	2femIA
Àš turiù dvì dukràs ir̃ dù sū́nus.	Aš turiu dvi dukras ir du sūnus.	I have two daughters and two sons.	sūnus	6	sūnus	Ncmpan-	4masc
Jiẽ pláuna rankàs.	Jie plauna rankas.	They're washing their hands.	rankas	2	ranka	Ncfpan-	2femIA
Jìs augìno bùlves sàvo sodè.	Jis augino bulves savo sode.	He grew potatoes in his garden.	bulves	2	bulvė	Ncfpan-	2femĖ
Jìs tùri dvì dukràs.	Jis turi dvi dukras.	He has two daughters.	dukras	3	dukra	Ncfpan-	2femIA
Jìs visadà dovanója dóvanas sàvo žmónai.	Jis visada dovanoja dovanas savo žmonai.	He is always giving presents to his wife.	dovanas	3	dovana	Ncfpan-	2femIA
Jõs pláuna sàvo rankàs.	Jos plauna savo rankas.	They wash their hands.	rankas	3	ranka	Ncfpan-	2femIA
Jõ sūnùs pradiñgo priẽš septýnerius metùs.	Jo sūnus pradingo prieš septynerius metus.	His son disappeared seven years ago.	metus	5	metai	Ncmpan-	1mascIAS
Kuriàs knygàs tù pamiršaĩ atsinèšti sù savimì?	Kurias knygas tu pamiršai atsinešti su savimi?	Which books did you forget to bring with yourself?	knygas	1	knyga	Ncfpan-	2femIA
Laikýk pìnigus saugiojè viẽtoje.	Laikyk pinigus saugioje vietoje.	Keep the money in a safe place.	pinigus	1	pinigas	Ncmpan-	1mascIAS
Màno mamà nupir̃ko dù bùtelius apelsìnų sùlčių.	Mano mama nupirko du butelius apelsinų sulčių.	My mother bought two bottles of orange juice.	butelius	4	butelis	Ncmpan-	1mascIS
Mẽs ẽsame atsakìngi ùž núostolius.	Mes esame atsakingi už nuostolius.	We carry the responsibility for the losses.	nuostolius	4	nuostolis	Ncmpan-	1mascIS
Per̃ šálta vilkė́ti šòrtus.	Per šalta vilkėti šortus.	It's still too cold to wear shorts.	šortus	3	šortai	Ncmpan-	1mascIAS
Polìcininkai dė̃vi mė́lynas unifòrmas.	Policininkai dėvi mėlynas uniformas.	Police officers wear blue uniforms.	uniformas	3	uniforma	Ncfpan-	2femIA
Priẽš dvejùs metùs àš vìsiškai nemokė́jau žaistì krepšìnio.	Prieš dvejus metus aš visiškai nemokėjau žaisti krepšinio.	Two years ago I could not play basketball at all.	metus	2	metai	Ncmpan-	1mascIAS
Šunìs ỹra ištikimì.	Šunis yra ištikimi.	Dogs are faithful.	Šunis	0	šuo	Ncmpan-	exception
Užsisakiaũ naujùs baldùs.	Užsisakiau naujus baldus.	I ordered new furniture.	baldus	2	baldas	Ncmpan-	1mascIAS
Àš mintinaĩ žinaũ taisyklès, bèt geraĩ žaistì nemokù.	Aš mintinai žinau taisykles, bet gerai žaisti nemoku.	I know the rules by heart, but I'm not so good playing.	taisykles	3	taisyklė	Ncfpan-	2femĖ
Àš nežinaũ kadà Bóbas atvỹko į̃ Japòniją.	Aš nežinau kada Bobas atvyko į Japoniją.	I don't know when Bob came to Japan.	Bobas	3	boba	Ncfpan-	2femIA
Atsiprašaũ. Àš atsìimu sàvo žodžiùs.	Atsiprašau. Aš atsiimu savo žodžius.	I'm sorry. I take back my words.	žodžius	5	žodis	Ncmpan-	1mascIS
Girdė́jome naujíenas, kàd tù išlaikeĩ egzãminą.	Girdėjome naujienas, kad tu išlaikei egzaminą.	We heard the news that you had passed the exam.	naujienas	1	naujiena	Ncfpan-	2femIA
Jéi àš norė́čiau tavè išgą̃sdinti, tadà àš táu papãsakočiau ką̃ àš sapnavaũ priẽš keliàs saváites.	Jei aš norėčiau tave išgąsdinti, tada aš tau papasakočiau ką aš sapnavau prieš kelias savaites.	If I wanted to scare you, I would tell you what I dreamt about a few weeks ago.	savaites	15	savaitė	Ncfpan-	2femĖ
Jì patì pérskaitė visàs màno knygàs.	Ji pati perskaitė visas mano knygas.	She read all my books by herself.	knygas	5	knyga	Ncfpan-	2femIA
Jìs padãrė sàvo tėvùs laimìngus.	Jis padarė savo tėvus laimingus.	He made his parents happy.	tėvus	3	tėvai	Ncmpan-	1mascIAS
Jìs skubiaĩ užrãšė mū́sų vardùs.	Jis skubiai užrašė mūsų vardus.	He hastily wrote down our names.	vardus	4	vardas	Ncmpan-	1mascIAS
Mẽs kasdiẽn válgome šviežiàs žaliàs salotàs.	Mes kasdien valgome šviežias žalias salotas.	We eat a fresh, green salad every day.	salotas	5	salotos	Ncfpan-	2femIA
Mẽs válgome pùsryčius virtùvėje.	Mes valgome pusryčius virtuvėje.	We have breakfast in the kitchen.	pusryčius	2	pusrytis	Ncmpan-	1mascIS
Pažvel̃k į̃ tuõs júodus dẽbesis.	Pažvelk į tuos juodus debesis.	Look at those black clouds.	debesis	4	debesis	Ncmpan-	3masc
Pùsryčiams mẽs válgėme sumuštiniùs.	Pusryčiams mes valgėme sumuštinius.	We ate sandwiches for breakfast.	sumuštinius	3	sumuštinis	Ncmpan-	1mascIS
Visì tùri išmoktì žodžiùs mintinaĩ.	Visi turi išmokti žodžius mintinai.	Everyone has to learn the words by heart.	žodžius	3	žodis	Ncmpan-	1mascIS
Ar̃ galiù šìtą iškeistì į̃ salotàs?	Ar galiu šitą iškeisti į salotas?	May I change this for a salad?	salotas	5	salotos	Ncfpan-	2femIA
Ar̃ skruzdėlė̃s tùri ausìs?	Ar skruzdėlės turi ausis?	Do ants have ears?	ausis	3	ausis	Ncfpan-	3fem
Àš paláuksiu kõl tù pabaĩgsi sàvo namų̃ dárbus.	Aš palauksiu kol tu pabaigsi savo namų darbus.	I will wait until you have finished your homework.	darbus	7	darbas	Ncmpan-	1mascIAS
Àš pasáugosiu pìnigus kitám kar̃tui.	Aš pasaugosiu pinigus kitam kartui.	I'll save the money for the next time.	pinigus	2	pinigas	Ncmpan-	1mascIAS
Daugumà amerikiẽčių mė́gsta mėsainiùs.	Dauguma amerikiečių mėgsta mėsainius.	Most Americans like hamburgers.	mėsainius	3	mėsainis	Ncmpan-	1mascIS
Jéigu turė́tume sparnùs, ar̃ galė́tume nuskristì į̃ mėnùlį?	Jeigu turėtume sparnus, ar galėtume nuskristi į mėnulį?	If we had wings, could we fly to the moon?	sparnus	2	sparnas	Ncmpan-	1mascIAS
Jiẽ apkáltino manè paė̃mus pìnigus.	Jie apkaltino mane paėmus pinigus.	They accused me of taking the money.	pinigus	4	pinigas	Ncmpan-	1mascIAS
Jìs mė́gsta daržóves, ýpač kopūstùs.	Jis mėgsta daržoves, ypač kopūstus.	He is fond of vegetables, and cabbages in particular.	daržoves	2	daržovė	Ncfpan-	2femĖ
Jìs mė́gsta daržóves, ýpač kopūstùs.	Jis mėgsta daržoves, ypač kopūstus.	He is fond of vegetables, and cabbages in particular.	kopūstus	5	kopūstas	Ncmpan-	1mascIAS
Jìs pažiūrė́jo žemỹn į̃ sàvo pur̃vinus batùs.	Jis pažiūrėjo žemyn į savo purvinus batus.	Tony looked down at his dirty old shoes.	batus	6	batas	Ncmpan-	1mascIAS
Jìs válgė vaisiùs ir̃ daržóves.	Jis valgė vaisius ir daržoves.	He ate fruit and vegetables.	daržoves	4	daržovė	Ncfpan-	2femĖ
Kókius pratimùs tù atliekì?	Kokius pratimus tu atlieki?	What kinds of exercises do you do?	pratimus	1	pratimas	Ncmpan-	1mascIAS
Kopūstùs gãlima válgyti žaliùs.	Kopūstus galima valgyti žalius.	Cabbage can be eaten raw.	Kopūstus	0	kopūstas	Ncmpan-	1mascIAS
Mèrė niekadà nedė̃vi tų̃ pačių̃ rū̃bų dù kartùs į̃ saváitę.	Merė niekada nedėvi tų pačių rūbų du kartus į savaitę.	Mary never wears the same clothes twice in a week.	du	6	kartas	Ncmpan-	1mascIAS
Mẽs mė́gstame medžiùs.	Mes mėgstame medžius.	We love trees.	medžius	2	medis	Ncmpan-	1mascIS
Pláunu rankàs.	Plaunu rankas.	I wash my hands.	rankas	1	ranka	Ncfpan-	2femIA
Priẽš eĩdamas miegóti, tùri išsivalýti dantìs.	Prieš eidamas miegoti, turi išsivalyti dantis.	You have to brush your teeth before going to sleep!	dantis	6	dantis	Ncmpan-	3masc
Tòmas pàdegė Mèrės namùs.	Tomas padegė Merės namus.	Tom set fire to Mary's house.	namus	3	namai	Ncmpan-	1mascIAS
Ar̃ Mãrika rãšė táu láiškus súomiškai?	Ar Marika rašė tau laiškus suomiškai?	Did Marika write you letters in Finnish?	laiškus	4	laiškas	Ncmpan-	1mascIAS
Àš nusipirkaũ visùs óbuolius.	Aš nusipirkau visus obuolius.	I bought all the apples.	obuolius	3	obuolys	Ncmpan-	1mascIS
Àš paim̃siu šiàs rožès.	Aš paimsiu šias rožes.	I'll take these roses.	rožes	3	rožė	Ncfpan-	2femĖ
Bóbas užsùko į̃ sàvo dė̃dės namùs.	Bobas užsuko į savo dėdės namus.	Bob dropped in at his uncle's house.	Bobas	0	boba	Ncfpan-	2femIA
Bóbas užsùko į̃ sàvo dė̃dės namùs.	Bobas užsuko į savo dėdės namus.	Bob dropped in at his uncle's house.	namus	5	namai	Ncmpan-	1mascIAS
Jìs mìrė nuõ senãtvės priẽš dù metùs.	Jis mirė nuo senatvės prieš du metus.	He died of old age two years ago.	metus	6	metai	Ncmpan-	1mascIAS
Ką̃ tìk pàbaigiau darýti prancū̃zų kalbõs namų̃ dárbus.	Ką tik pabaigiau daryti prancūzų kalbos namų darbus.	I've just now finished doing my French homework.	namų	6	darbas	Ncmpan-	1mascIAS
Ką̃ tìk pàbaigiau namų̃ dárbus.	Ką tik pabaigiau namų darbus.	I have just finished my homework.	namų	3	darbas	Ncmpan-	1mascIAS
Mẽs válgom óbuolius.	Mes valgom obuolius.	We're eating apples.	obuolius	2	obuolys	Ncmpan-	1mascIS
Nėrà niẽko svarbèsnio ùž draugùs.	Nėra nieko svarbesnio už draugus.	There is nothing more important than friends.	draugus	4	draugas	Ncmpan-	1mascIAS
Žõdžiai išréiškia mintìs.	Žodžiai išreiškia mintis.	Words express thoughts.	mintis	2	mintis	Ncfpan-	3fem
Bóbas skùndėsi sàvo draũgui.	Bobas skundėsi savo draugui.	Bob complained to his friend.	Bobas	0	boba	Ncfpan-	2femIA
Jiẽ teñ stõvi ir̃ válgo traškučiùs.	Jie ten stovi ir valgo traškučius.	They are standing there and eating potato chips.	traškučius	5	traškutis	Ncmpan-	1mascIS
Kókias vietàs tàs tùras ãplanko?	Kokias vietas tas turas aplanko?	What places does that tour visit?	vietas	1	vieta	Ncfpan-	2femIA
Mẽs tùrime dù šunìs, trìs katès ir̃ šešìs viščiukùs.	Mes turime du šunis, tris kates ir šešis viščiukus.	We have two dogs, three cats, and six chickens.	šunis	3	šuo	Ncmpan-	exception
Mẽs tùrime dù šunìs, trìs katès ir̃ šešìs viščiukùs.	Mes turime du šunis, tris kates ir šešis viščiukus.	We have two dogs, three cats, and six chickens.	kates	6	katė	Ncfpan-	2femĖ
Mẽs tùrime dù šunìs, trìs katès ir̃ šešìs viščiukùs.	Mes turime du šunis, tris kates ir šešis viščiukus.	We have two dogs, three cats, and six chickens.	viščiukus	9	viščiukas	Ncmpan-	1mascIAS
Paprastaĩ Tòmas skaĩto tìk añtraštes.	Paprastai Tomas skaito tik antraštes.	Tom usually only reads the headlines.	antraštes	4	antraštė	Ncfpan-	2femĖ
Šią̃ vãsarą priáugau dù kilogramùs.	Šią vasarą priaugau du kilogramus.	I have gained two kilograms this summer.	kilogramus	4	kilogramas	Ncmpan-	1mascIAS
Tòmas įė̃jo prõ užpakalinès durìs.	Tomas įėjo pro užpakalines duris.	Tom came in through the back door.	duris	4	durys	Ncfpan-	3fem
Tòmas jaũ išgė́rė trìs puodeliùs kavõs.	Tomas jau išgėrė tris puodelius kavos.	Tom has already drunk three cups of coffee.	puodelius	4	puodelis	Ncmpan-	1mascIS
Tù turė́tum gerbtì sàvo mókytojus.	Tu turėtum gerbti savo mokytojus.	You should be respectful to your teachers.	mokytojus	4	mokytojas	Ncmpan-	1mascIAS
Visì mė́gsta lėlès.	Visi mėgsta lėles.	Everyone loves puppets.	lėles	2	lėlė	Ncfpan-	2femĖ
Anà mė́gsta rašýti eilė́raščius.	Ana mėgsta rašyti eilėraščius.	Ann likes to write poems.	eilėraščius	3	eilėraštis	Ncmpan-	1mascIS
Àš àtšaukiau sàvo vestuvès.	Aš atšaukiau savo vestuves.	I called off my wedding.	vestuves	3	vestuvės	Ncfpan-	2femĖ
Àš nemanaũ kàd jìs nužùdė tuõs vyriškiùs.	Aš nemanau kad jis nužudė tuos vyriškius.	I don't think he killed those men.	vyriškius	6	vyriškis	Ncmpan-	1mascIS
Àš sumokė́jau ùž pir̃kinius grynaĩs.	Aš sumokėjau už pirkinius grynais.	I paid for the purchase in cash.	pirkinius	3	pirkinys	Ncmpan-	1mascIS
Jìs apsilañkė Prancūzìjoje trìs kartùs.	Jis apsilankė Prancūzijoje tris kartus.	He has been to France three times.	kartus	4	kartas	Ncmpan-	1mascIAS
Kompiùteriai gãli atliktì labaĩ sudėtìngą ùžduotį per̃ keliàs sekùndės dalelès.	Kompiuteriai gali atlikti labai sudėtingą užduotį per kelias sekundės daleles.	Computers can perform a very complicated task in a fraction of a second.	daleles	9	dalelė	Ncfpan-	2femĖ
Pakeĩskite senàs pãdangas į̃ naujàs.	Pakeiskite senas padangas į naujas.	Replace the old tires with new ones.	padangas	2	padanga	Ncfpan-	2femIA
Sù šiuõ teleskopù gãlima pamatýti žvaigždès ir̃ svajonès.	Su šiuo teleskopu galima pamatyti žvaigždes ir svajones.	With this telescope stars and dreams can be seen.	žvaigždes	5	žvaigždė	Ncfpan-	2femĖ
Sù šiuõ teleskopù gãlima pamatýti žvaigždès ir̃ svajonès.	Su šiuo teleskopu galima pamatyti žvaigždes ir svajones.	With this telescope stars and dreams can be seen.	svajones	7	svajonė	Ncfpan-	2femĖ
Tù mė́gsti drambliùs.	Tu mėgsti dramblius.	You like elephants.	dramblius	2	dramblys	Ncmpan-	1mascIS
Vãkar àš girdė́jau tavè kal̃bantį per̃ miegùs.	Vakar aš girdėjau tave kalbantį per miegus.	Yesterday I heard you talking in your sleep.	miegus	6	miegas	Ncmpan-	1mascIAS
Àš mė́gstu pãsakojimus apiẽ méilę.	Aš mėgstu pasakojimus apie meilę.	I like love stories.	pasakojimus	2	pasakojimas	Ncmpan-	1mascIAS
Drugẽlio gyvẽnimas truñka trìs dienàs.	Drugelio gyvenimas trunka tris dienas.	The lifetime of a butterfly is three days.	dienas	4	diena	Ncfpan-	2femIA
Jiẽ abù ver̃kė kaĩ jiẽ išgir̃do trãgiškas naujíenas.	Jie abu verkė kai jie išgirdo tragiškas naujienas.	They both cried after hearing the tragic news.	naujienas	7	naujiena	Ncfpan-	2femIA
Jõs abì ver̃kė kaĩ jõs išgir̃do trãgiškas naujíenas.	Jos abi verkė kai jos išgirdo tragiškas naujienas.	They both cried after hearing the tragic news.	naujienas	7	naujiena	Ncfpan-	2femIA
Kiekvienà šalìs tùri sàvo pãpročius.	Kiekviena šalis turi savo papročius.	Each country has its own customs.	papročius	4	paprotys	Ncmpan-	1mascIS
Màno tė́vas augìna ryžiùs.	Mano tėvas augina ryžius.	My father grows rice.	ryžius	3	ryžis	Ncmpan-	1mascIS
Mìlė tùri mė́lynas akìs.	Milė turi mėlynas akis.	Millie has blue eyes.	akis	3	akis	Ncfpan-	3fem
Priẽš eidamà miegóti, tùri išsivalýti dantìs.	Prieš eidama miegoti, turi išsivalyti dantis.	You have to brush your teeth before going to sleep!	dantis	6	dantis	Ncmpan-	3masc
Tìkslas nebūtinaĩ patéisina príemones.	Tikslas nebūtinai pateisina priemones.	The end does not necessarily justify the means.	priemones	3	priemonė	Ncfpan-	2femĖ
Tòmas negalė́jo atleistì Mèrei ùž taĩ kàd jì nužùdė jõ tėvùs.	Tomas negalėjo atleisti Merei už tai kad ji nužudė jo tėvus.	Tom couldn't forgive Mary for killing his parents.	tėvus	10	tėvai	Ncmpan-	1mascIAS
Tòmas nusìėmė sàvo márškinius ir̃ į̃mėtė juõs į̃ skalbìmo mašìną.	Tomas nusiėmė savo marškinius ir įmetė juos į skalbimo mašiną.	Tom took off his shirt and threw it into the washing machine.	marškinius	3	marškiniai	Ncmpan-	1mascIAS
Ar̃ gãlima válgyti žaliàs áustres?	Ar galima valgyti žalias austres?	Can you eat raw oysters?	austres	4	austrė	Ncfpan-	2femĖ
Àš padė́siu sàvo mótinai išplautì indùs põ vakariẽnės.	Aš padėsiu savo motinai išplauti indus po vakarienės.	I'll help my mother wash the dishes after supper.	indus	5	indas	Ncmpan-	1mascIAS
Ãzija ỹra maždaũg kẽturis kartùs didèsnė ùž Euròpą.	Azija yra maždaug keturis kartus didesnė už Europą.	Asia is roughly four times the size of Europe.	kartus	4	kartas	Ncmpan-	1mascIAS
Jéi àš pérskaitysiu šią̃ knỹgą dár kar̃tą, àš bū́siu ją̃ pérskaitęs trìs kartùs.	Jei aš perskaitysiu šią knygą dar kartą, aš būsiu ją perskaitęs tris kartus.	If I read this book once more, I shall have read it three times.	kartus	13	kartas	Ncmpan-	1mascIAS
Jéi tù pérskaitysi šią̃ knỹgą dár kar̃tą, bū́si ją̃ pérskaitęs trìs kartùs.	Jei tu perskaitysi šią knygą dar kartą, būsi ją perskaitęs tris kartus.	If you read this book again, you will have read it three times.	kartus	12	kartas	Ncmpan-	1mascIAS
Jì bū́tų šokirúota, jéi jì sužinótų rezultatùs.	Ji būtų šokiruota, jei ji sužinotų rezultatus.	Had she known the results, she would have been shocked.	rezultatus	7	rezultatas	Ncmpan-	1mascIAS
Jìs visadà dė̃vi tamsiùs ãkinius.	Jis visada dėvi tamsius akinius.	He always wears dark glasses.	akinius	4	akiniai	Ncmpan-	1mascIAS
Jõs šùnys bėgiójo põ namùs.	Jos šunys bėgiojo po namus.	Her dogs were running around the house.	namus	4	namai	Ncmpan-	1mascIAS
Katė̃ mė́gsta gáudyti pelès.	Katė mėgsta gaudyti peles.	The cat loves to chase mice.	peles	3	pelė	Ncfpan-	2femĖ
Kãtės mė́gsta lakstýti pãskui siū́lų kamuoliukùs.	Katės mėgsta lakstyti paskui siūlų kamuoliukus.	Cats love to run after balls of wool.	kamuoliukus	5	kamuoliukas	Ncmpan-	1mascIAS
Mẽs tùrime kontroliúoti sàvo aistràs.	Mes turime kontroliuoti savo aistras.	We must control our passions.	aistras	4	aistra	Ncfpan-	2femIA
Nekalbė́k apiẽ žmónes jíems ùž nùgarų.	Nekalbėk apie žmones jiems už nugarų.	Don't talk about people behind their backs.	žmones	2	žmogus	Ncmpan-	exception
Neturė́tum kalbė́ti apiẽ žmónes jíems ùž nùgarų.	Neturėtum kalbėti apie žmones jiems už nugarų.	You shouldn't talk about people behind their backs.	žmones	3	žmogus	Ncmpan-	exception
Tòmo namùs ir̃ òfisą apieškójo polìcija.	Tomo namus ir ofisą apieškojo policija.	Tom's home and office were searched by the police.	namus	1	namai	Ncmpan-	1mascIAS
Bóbas tuõ metù plóvė indùs.	Bobas tuo metu plovė indus.	Bob was washing the dishes at that time.	Bobas	0	boba	Ncfpan-	2femIA
Bóbas tuõ metù plóvė indùs.	Bobas tuo metu plovė indus.	Bob was washing the dishes at that time.	indus	4	indas	Ncmpan-	1mascIAS
Jéi turė́čiau sparnùs, skrìsčiau pàs tavè.	Jei turėčiau sparnus, skrisčiau pas tave.	If I had wings, I would fly to you.	sparnus	2	sparnas	Ncmpan-	1mascIAS
Jiẽ abù dė̃vi skrýbėles.	Jie abu dėvi skrybėles.	They both are wearing a hat.	skrybėles	3	skrybėlė	Ncfpan-	2femĖ
Jì plóvė indùs.	Ji plovė indus.	She was washing the dishes.	indus	2	indas	Ncmpan-	1mascIAS
Jì tùri žaliàs akìs ir̃ šviẽsiai rudùs pláukus.	Ji turi žalias akis ir šviesiai rudus plaukus.	She has green eyes and light brown hair.	akis	3	akis	Ncfpan-	3fem
Jì tùri žaliàs akìs ir̃ šviẽsiai rudùs pláukus.	Ji turi žalias akis ir šviesiai rudus plaukus.	She has green eyes and light brown hair.	plaukus	7	plaukas	Ncmpan-	1mascIAS
Jõs abì dė̃vi skrýbėles.	Jos abi dėvi skrybėles.	They both are wearing a hat.	skrybėles	3	skrybėlė	Ncfpan-	2femĖ
Màno sesuõ mė́gsta saldumýnus.	Mano sesuo mėgsta saldumynus.	My sister likes sweets.	saldumynus	3	saldumynas	Ncmpan-	1mascIAS
Mẽs tùrime nusiaũti batùs priẽš įeĩnant į̃ nãmą.	Mes turime nusiauti batus prieš įeinant į namą.	We should take off our shoes before entering the house.	batus	3	batas	Ncmpan-	1mascIAS
Obuoliaĩ mán patiñka labiaũ ùž apelsinùs.	Obuoliai man patinka labiau už apelsinus.	I prefer apples to oranges.	apelsinus	5	apelsinas	Ncmpan-	1mascIAS
Poètai rãšo eilė́raščius.	Poetai rašo eilėraščius.	Poets write poems.	eilėraščius	2	eilėraštis	Ncmpan-	1mascIS
Profèsorius ramiaĩ plóvė sàvo rankàs.	Profesorius ramiai plovė savo rankas.	The professor calmly washed his hands.	rankas	4	ranka	Ncfpan-	2femIA
Šiañdien mẽs išmóksime trìs naujùs žodžiùs.	Šiandien mes išmoksime tris naujus žodžius.	Today, we'll learn three new words.	žodžius	5	žodis	Ncmpan-	1mascIS
Šìs kálnas ỹra pàdengtas sniegù visùs metùs.	Šis kalnas yra padengtas sniegu visus metus.	This mountain is snow-covered the entire year.	metus	6	metai	Ncmpan-	1mascIAS
Tė̃tis mė́gsta sakýti juokìngus dalykùs.	Tėtis mėgsta sakyti juokingus dalykus.	Daddy loves to say funny things.	dalykus	4	dalykas	Ncmpan-	1mascIAS
Ar̃ tù gãli pagamìnti skaniàs salotàs?	Ar tu gali pagaminti skanias salotas?	Can you make a tasty salad?	salotas	5	salotos	Ncfpan-	2femIA
Eĩkš sù manim̃ laukañ ir̃ pažiūrė́k į̃ žvaigždýnus.	Eikš su manim laukan ir pažiūrėk į žvaigždynus.	Come outside with me and look at the constellations.	žvaigždynus	7	žvaigždynas	Ncmpan-	1mascIAS
Jì mė́gsta šiuõs kãtinus.	Ji mėgsta šiuos katinus.	She likes these cats.	katinus	3	katinas	Ncmpan-	1mascIAS
Jìs prajuõkino vaikùs.	Jis prajuokino vaikus.	He made the children laugh.	vaikus	2	vaikas	Ncmpan-	1mascIAS
Strùtis tùri sparnùs, bèt jìs negãli skristì.	Strutis turi sparnus, bet jis negali skristi.	The ostrich has wings, but it cannot fly.	sparnus	2	sparnas	Ncmpan-	1mascIAS
Suválgėme pietùs vidùrdienį.	Suvalgėme pietus vidurdienį.	We had lunch at noon.	pietus	1	pietūs	Ncmpan-	
Apsiaũk batùs. Eĩkime pietáuti.	Apsiauk batus. Eikime pietauti.	Put on your shoes. Let's go out for dinner.	batus	1	batas	Ncmpan-	1mascIAS
Àš manaũ, kàd daũgumai žmonių̃ mókytis trigonomètrines fùnkcijas ỹra beprãsmiška.	Aš manau, kad daugumai žmonių mokytis trigonometrines funkcijas yra beprasmiška.	I think that for many people learning the trigonometric functions is meaningless.	funkcijas	8	funkcija	Ncfpan-	2femIA
Àš mė́gstu bananùs.	Aš mėgstu bananus.	I love bananas.	bananus	2	bananas	Ncmpan-	1mascIAS
Báltus kilimùs sunkù išlaikýti švariùs.	Baltus kilimus sunku išlaikyti švarius.	White carpets are very hard to keep clean.	kilimus	1	kilimas	Ncmpan-	1mascIAS
Išsipláuk rankàs muilù.	Išsiplauk rankas muilu.	Wash your hands with soap.	rankas	1	ranka	Ncfpan-	2femIA
Jì bañdo pérdažyti sàvo namùs.	Ji bando perdažyti savo namus.	She's trying to repaint her house.	namus	4	namai	Ncmpan-	1mascIAS
Jiẽ sùmalė kviečiùs į̃ mìltus.	Jie sumalė kviečius į miltus.	They grind wheat into flour.	kviečius	2	kvietys	Ncmpan-	1mascIS
Jiẽ sùmalė kviečiùs į̃ mìltus.	Jie sumalė kviečius į miltus.	They grind wheat into flour.	miltus	4	miltai	Ncmpan-	1mascIAS
Jì nóri pérdažyti sàvo pláukus raudónai.	Ji nori perdažyti savo plaukus raudonai.	She wants to dye her hair red.	plaukus	4	plaukas	Ncmpan-	1mascIAS
Jìs neĩgė esą̃s vagìs.	Jis neigė esąs vagis.	He denied that he was the thief.	vagis	3	vagis	Nccpan-	
Ką̃ labiaũ mė́gsti: óbuolius ar̃ bananùs?	Ką labiau mėgsti: obuolius ar bananus?	Which do you like better, apples or bananas?	obuolius	4	obuolys	Ncmpan-	1mascIS
Ką̃ labiaũ mė́gsti: óbuolius ar̃ bananùs?	Ką labiau mėgsti: obuolius ar bananus?	Which do you like better, apples or bananas?	bananus	6	bananas	Ncmpan-	1mascIAS
Kománda bùvo padalìnta į̃ mažesnès grupelès.	Komanda buvo padalinta į mažesnes grupeles.	The team was divided into smaller groups.	grupeles	5	grupelė	Ncfpan-	2femĖ
Màno sẽsė mė́gsta melionùs, ir̃ àš taĩp pàt.	Mano sesė mėgsta melionus, ir aš taip pat.	My sister likes melons and so do I.	melionus	3	melionas	Ncmpan-	1mascIAS
Nustók būčiúoti keistùs berniukùs!	Nustok būčiuoti keistus berniukus!	Stop kissing strange boys!	berniukus	3	berniukas	Ncmpan-	1mascIAS
Põnai, užvèskite sàvo varikliùs.	Ponai, užveskite savo variklius.	Gentlemen, start your engines.	variklius	4	variklis	Ncmpan-	1mascIS
Triùšiai mė́gsta válgyti morkàs.	Triušiai mėgsta valgyti morkas.	Rabbits like to eat carrots.	morkas	3	morka	Ncfpan-	2femIA
Vaikaĩ skìna sodè gėlès.	Vaikai skina sode gėles.	The kids are picking flowers in the garden.	gėles	3	gėlė	Ncfpan-	2femĖ
Voveráitės válgo lazdýno ríešutus.	Voveraitės valgo lazdyno riešutus.	Squirrels eat hazelnuts.	riešutus	3	riešutas	Ncmpan-	1mascIAS
Àš skõlinu pìnigus.	Aš skolinu pinigus.	I lend money.	pinigus	2	pinigas	Ncmpan-	1mascIAS
Jìs mòka tárdyti žmónes.	Jis moka tardyti žmones.	He knows how to interrogate people.	žmones	3	žmogus	Ncmpan-	exception
Jì tùri patraukliàs akìs.	Ji turi patrauklias akis.	She has attractive eyes.	akis	3	akis	Ncfpan-	3fem
Metùs sudãro dvýlika mė́nesių: saũsis, vasãris, kovàs, balañdis, gegužė̃, biržẽlis, líepa, rugpjū́tis, rugsė́jis, spãlis, lãpkritis ir̃ grúodis.	Metus sudaro dvylika mėnesių: sausis, vasaris, kovas, balandis, gegužė, birželis, liepa, rugpjūtis, rugsėjis, spalis, lapkritis ir gruodis.	January, February, March, April, May, June, July, August, September, October, November and December are the twelve months of the year.	Metus	0	metai	Ncmpan-	1mascIAS
Sãlė prisìminė laikùs kaĩ jõs senė̃lė bùvo stiprì ir̃ sveĩka.	Salė prisiminė laikus kai jos senėlė buvo stipri ir sveika.	Sally recalled the days when her grandma was strong and healthy.	laikus	2	laikas	Ncmpan-	1mascIAS
Šiojè šalyjè kárvės ỹra naudingèsnės ùž bèt kókius kitùs gývulius.	Šioje šalyje karvės yra naudingesnės už bet kokius kitus gyvulius.	Cows are more useful than any other animal in this country.	kitus	8	gyvulys	Ncmpan-	1mascIS
Tòmas išgulė́jo lóvoje trìs saváites.	Tomas išgulėjo lovoje tris savaites.	Tom spent three weeks in bed.	savaites	4	savaitė	Ncfpan-	2femĖ
Tòmas stipriaĩ ùžmerkė sàvo akìs ir̃ ištvė́rė skaũsmą.	Tomas stipriai užmerkė savo akis ir ištvėrė skausmą.	Tom closed his eyes tightly and endured the pain.	akis	4	akis	Ncfpan-	3fem
Vãkar àš girdė́jau tavè kal̃bančią per̃ miegùs.	Vakar aš girdėjau tave kalbančią per miegus.	Yesterday I heard you talking in your sleep.	miegus	6	miegas	Ncmpan-	1mascIAS
Àš ir̃ dabar̃ atsìmenu tuõs laikùs, kaĩ sù tavim̃ kartù reñgėme ìškylas.	Aš ir dabar atsimenu tuos laikus, kai su tavim kartu rengėme iškylas.	I can still remember the time when we went on a picnic together.	laikus	5	laikas	Ncmpan-	1mascIAS
Àš ir̃ dabar̃ atsìmenu tuõs laikùs, kaĩ sù tavim̃ kartù reñgėme ìškylas.	Aš ir dabar atsimenu tuos laikus, kai su tavim kartu rengėme iškylas.	I can still remember the time when we went on a picnic together.	iškylas	12	iškyla	Ncfpan-	2femIA
Àš nurausiù táu kiáušus, jéigu beñt dìrstelėsi į̃ jõs pùsę.	Aš nurausiu tau kiaušus, jeigu bent dirstelėsi į jos pusę.	I'll rip your fucking balls off if you ever as much as look her way.	kiaušus	3	kiaušas	Ncmpan-	1mascIAS
Àš turiù iššukúoti sàvo pláukus.	Aš turiu iššukuoti savo plaukus.	I have to comb my hair.	plaukus	4	plaukas	Ncmpan-	1mascIAS
Àš valaũsi dantìs põ val̃gio.	Aš valausi dantis po valgio.	I brush my teeth after eating.	dantis	2	dantis	Ncmpan-	3masc
Bū́k atsargùs riñkdamasis draugùs.	Būk atsargus rinkdamasis draugus.	You should be careful in choosing friends.	draugus	3	draugas	Ncmpan-	1mascIAS
Išdžiovìnk kélnes añt radiãtoriaus.	Išdžiovink kelnes ant radiatoriaus.	Dry the pants on the radiator.	kelnes	1	kelnės	Ncfpan-	2femĖ
Jìs atìdavė visùs pìnigus, kuriuõs bùvo pasiskõlinęs.	Jis atidavė visus pinigus, kuriuos buvo pasiskolinęs.	He gave back all the money he had borrowed.	pinigus	3	pinigas	Ncmpan-	1mascIAS
Jìs šẽšerius metùs gyvẽno Ankarojè.	Jis šešerius metus gyveno Ankaroje.	He lived in Ankara for six years.	metus	2	metai	Ncmpan-	1mascIAS
Laikýk akìs ùžmerktas kõl àš táu pasakýsiu jàs atmerktì.	Laikyk akis užmerktas kol aš tau pasakysiu jas atmerkti.	Keep your eyes closed until I tell you to open them.	akis	1	akis	Ncfpan-	3fem
Mẽs suorganizãvome knygàs pagal̃ dỹdį.	Mes suorganizavome knygas pagal dydį.	We arranged the books according to size.	knygas	2	knyga	Ncfpan-	2femIA
Nusipirkimè kelìs ginklùs.	Nusipirkime kelis ginklus.	Let's buy a few weapons.	ginklus	2	ginklas	Ncmpan-	1mascIAS
Pagaliaũ pasivijaũ sàvo draugùs.	Pagaliau pasivijau savo draugus.	I finally caught up with my friends.	draugus	3	draugas	Ncmpan-	1mascIAS
Pataisýk pàbrauktus žodžiùs.	Pataisyk pabrauktus žodžius.	Correct the underlined words.	žodžius	2	žodis	Ncmpan-	1mascIS
Šiẽ váistai tùri būtì vartójami trìs kartùs per̃ diẽną.	Šie vaistai turi būti vartojami tris kartus per dieną.	These medicines should be taken three times a day.	kartus	6	kartas	Ncmpan-	1mascIAS
Ver̃čiamą sãkinį išver̃skite geraĩ. Neléiskite, kàd vertìmai į̃ kitàs kalbàs darýtų jùms į́taką.	Verčiamą sakinį išverskite gerai. Neleiskite, kad vertimai į kitas kalbas darytų jums įtaką.	Make a good translation of the sentence that you are translating. Don't let translations into other languages influence you.	kalbas	11	kalba	Ncfpan-	2femIA
Víenišas žmogùs gáuna malonùmą stebė́damas skrùzdėles.	Vienišas žmogus gauna malonumą stebėdamas skruzdėles.	The lonely man derives pleasure from observing ants.	skruzdėles	5	skruzdėlė	Ncfpan-	2femĖ
Afrikiẽtiški drambliaĩ ỹra didesnì ùž azijiẽtiškus drambliùs.	Afrikietiški drambliai yra didesni už azijietiškus dramblius.	African elephants are larger than Asian elephants.	dramblius	6	dramblys	Ncmpan-	1mascIS
Àš nusipirkaũ kẽturias naujàs stáltieses.	Aš nusipirkau keturias naujas staltieses.	I bought four new tablecloths.	staltieses	4	staltiesė	Ncfpan-	2femĖ
Jìs paskaičiãvo núostolius.	Jis paskaičiavo nuostolius.	He calculated the expenses.	nuostolius	2	nuostolis	Ncmpan-	1mascIS
Mė́gstu eitì į̃ párką ir̃ stebė́ti žaidìmų aikštẽlėje besilìnksminančius vaikùs.	Mėgstu eiti į parką ir stebėti žaidimų aikštelėje besilinksminančius vaikus.	I like to go to the park and watch the children in the playground enjoying themselves.	vaikus	9	vaikas	Ncmpan-	1mascIAS
Pagal̃ mókslininkus, atmosferà tam̃pa vìs šiltèsnė mẽtai põ mẽtų.	Pagal mokslininkus, atmosfera tampa vis šiltesnė metai po metų.	According to scientists, the atmosphere is getting warmer year after year.	mokslininkus	1	mokslininkas	Ncmpan-	1mascIAS
Palýgink faktùs.	Palygink faktus.	Compare the facts.	faktus	1	faktas	Ncmpan-	1mascIAS
Spausdintuvè įstrìgo põpierius.	Spausdintuve įstrigo popierius.	The printer had a paper jam.	popierius	2	popierius	Ncmpan-	4masc
Víena vertùs, patýrėme didžiuliùs núostolius, tačiaũ, kìta vertùs, daũg kõ pasimókėme ìš šiõ patyrìmo.	Viena vertus, patyrėme didžiulius nuostolius, tačiau, kita vertus, daug ko pasimokėme iš šio patyrimo.	On the one hand we suffered a heavy loss, but on the other hand we learned a great deal from the experience.	didžiulius	4	nuostolis	Ncmpan-	1mascIS
Àš išsìkeičiau jenàs į̃ dólerius.	Aš išsikeičiau jenas į dolerius.	I exchanged yen for dollars.	jenas	2	jena	Ncfpan-	2femIA
Àš išsìkeičiau jenàs į̃ dólerius.	Aš išsikeičiau jenas į dolerius.	I exchanged yen for dollars.	dolerius	4	doleris	Ncmpan-	1mascIS
Daũg studijavaũ tíek katès, tíek filosofùs. Kačių̃ išmintìs daugýbę kar̃tų pranašèsnė.	Daug studijavau tiek kates, tiek filosofus. Kačių išmintis daugybę kartų pranašesnė.	I have much studied both cats and philosophers. The wisdom of cats is infinitely superior.	kates	3	katė	Ncfpan-	2femĖ
Daũg studijavaũ tíek katès, tíek filosofùs. Kačių̃ išmintìs daugýbę kar̃tų pranašèsnė.	Daug studijavau tiek kates, tiek filosofus. Kačių išmintis daugybę kartų pranašesnė.	I have much studied both cats and philosophers. The wisdom of cats is infinitely superior.	filosofus	6	filosofas	Ncmpan-	1mascIAS
Gãlite parsisių̃sti mū́sų svetaĩnės kal̃bančiųjų gimtą́ja kalbà įrašýtus gar̃so fáilus.	Galite parsisiųsti mūsų svetainės kalbančiųjų gimtąja kalba įrašytus garso failus.	You can download audio files by native speakers from our website.	failus	9	failas	Ncmpan-	1mascIAS
Japònija importúoja įvairiàs žãliavas ìš ùžsienio.	Japonija importuoja įvairias žaliavas iš užsienio.	Japan imports various raw materials from abroad.	žaliavas	3	žaliava	Ncfpan-	2femIA
Jìs dìrba kasdiẽn išskýrus sekmãdienius.	Jis dirba kasdien išskyrus sekmadienius.	He works every day save Sundays.	sekmadienius	4	sekmadienis	Ncmpan-	1mascIS
Jìs turė́jo pìlkus pláukus.	Jis turėjo pilkus plaukus.	He had grey hair.	plaukus	3	plaukas	Ncmpan-	1mascIAS
Jìs veĩsia veršiukùs pardavìmui.	Jis veisia veršiukus pardavimui.	He breeds cattle for market.	veršiukus	2	veršiukas	Ncmpan-	1mascIAS
Jì tùri trìs sū́nus kuríes tãpo jūreĩviais.	Ji turi tris sūnus kuries tapo jūreiviais.	She has three sons, who became sailors.	sūnus	3	sūnus	Ncmpan-	4masc
Kaĩ výras ir̃ móteris sujùngia jėgàs, dárbas tam̃pa nebè tókiu várginančiu.	Kai vyras ir moteris sujungia jėgas, darbas tampa nebe tokiu varginančiu.	When man and woman unite, work is no longer as tiring.	jėgas	5	jėga	Ncfpan-	2femIA
Mẽs piẽšiame gyvūnùs.	Mes piešiame gyvūnus.	We are drawing animals.	gyvūnus	2	gyvūnas	Ncmpan-	1mascIAS
Pasijùsi geriaũ kaĩ suvartósi šiàs tabletès.	Pasijusi geriau kai suvartosi šias tabletes.	You'll feel better if you take these pills.	tabletes	5	tabletė	Ncfpan-	2femĖ
