Kaĩp jùms sẽkasi, panelè?	Kaip jums sekasi, panele?	How are you doing, miss?	panele	4	panelė	Ncfsin-	2femĖ
Šiuõ metù jõ čià nėrà.	Šiuo metu jo čia nėra.	He's not here right now.	metu	1	metas	Ncmsin-	1mascIAS
Šiuõ metù niẽko negaliù pasakýti.	Šiuo metu nieko negaliu pasakyti.	I can't say anything at this time.	metu	1	metas	Ncmsin-	1mascIAS
Abù jõs sūnùs mìrė kãro metù.	Abu jos sūnus mirė karo metu.	Both of her sons died during the war.	metu	5	metas	Ncmsin-	1mascIAS
Mū́sų sūnùs mìrė kãro metù.	Mūsų sūnus mirė karo metu.	Our son died during the war.	metu	4	metas	Ncmsin-	1mascIAS
Kuriuõ metù jìs išė̃jo?	Kuriuo metu jis išėjo?	At what time did he leave?	metu	1	metas	Ncmsin-	1mascIAS
Mán skaũda rankà.	Man skauda ranka.	My arm hurts.	ranka	2	ranka	Ncfsin-	2femIA
Kuriuõ metù galė́tum pàs mùs rytój ateitì?	Kuriuo metu galėtum pas mus rytoj ateiti?	At what time would you be able to come to us tomorrow?	metu	1	metas	Ncmsin-	1mascIAS
Ar̃ tù tuõ metù buvaĩ mokỹkloje?	Ar tu tuo metu buvai mokykloje?	Were you at school at that time?	metu	3	metas	Ncmsin-	1mascIAS
Šiuõ metù Tòmas nėrà kalė́jime.	Šiuo metu Tomas nėra kalėjime.	Tom isn't currently in prison.	metu	1	metas	Ncmsin-	1mascIAS
Tòmas šiuõ metù nėrà kalė́jime.	Tomas šiuo metu nėra kalėjime.	Tom is not in prison at the moment.	metu	2	metas	Ncmsin-	1mascIAS
Tòmas turė́jo tuõ metù būtì namiẽ.	Tomas turėjo tuo metu būti namie.	Tom must have been at home at that time.	metu	3	metas	Ncmsin-	1mascIAS
Àš nèt negaliù prisimiñti, kuõ jìs bùvo vardù.	Aš net negaliu prisiminti, kuo jis buvo vardu.	I can't even remember what his name was.	vardu	8	vardas	Ncmsin-	1mascIAS
Ar̃ šiuõ metù esì užsiė̃męs?	Ar šiuo metu esi užsiėmęs?	Are you busy at the moment?	metu	2	metas	Ncmsin-	1mascIAS
Atėjaĩ pačiù laikù.	Atėjai pačiu laiku.	You came at just the right time.	laiku	2	laikas	Ncmsin-	1mascIAS
Atléisk mán, màno méile.	Atleisk man, mano meile.	Forgive me, my love.	meile	4	meilė	Ncfsin-	2femĖ
Jìs manè nužùdė víenu žodžiù.	Jis mane nužudė vienu žodžiu.	He killed me with one word.	žodžiu	4	žodis	Ncmsin-	1mascIS
Ką̃ tù padareĩ sù sàvo kãmera?	Ką tu padarei su savo kamera?	What did you do with your camera?	kamera	5	kamera	Ncfsin-	2femIA
Nóriu susitìkti sù tàvo tė́vu.	Noriu susitikti su tavo tėvu.	I'd like to see your father.	tėvu	4	tėvas	Ncmsin-	1mascIAS
Telefònas šiuõ metù neveikià.	Telefonas šiuo metu neveikia.	The phone doesn't work right now.	metu	2	metas	Ncmsin-	1mascIAS
Àš nètikiu Dievù.	Aš netikiu Dievu.	I don't believe in God.	Dievu	2	dievas	Ncmsin-	1mascIAS
Àš nóriu pasikalbė́ti sù tàvo dėdè.	Aš noriu pasikalbėti su tavo dėde.	I want to talk with your uncle.	dėde	5	dėdė	Ncmsin-	
Àš turiù ją̃ išgélbėti bèt kokià káina.	Aš turiu ją išgelbėti bet kokia kaina.	I must save her at all costs.	kokia	5	kaina	Ncfsin-	2femIA
Dabar̃ gyvenù sù sàvo dėdè.	Dabar gyvenu su savo dėde.	Now I live with my uncle.	dėde	4	dėdė	Ncmsin-	
Kaĩ kuriẽ tìki Dievù, bèt kitì nè.	Kai kurie tiki Dievu, bet kiti ne.	Some believe in God, but others do not.	tiki	2	dievas	Ncmsin-	1mascIAS
Kaĩ kuriẽ žmónės tìki Dievù, õ kitì nè.	Kai kurie žmonės tiki Dievu, o kiti ne.	Some people believe in God and others don't.	tiki	3	dievas	Ncmsin-	1mascIAS
Tókiu ãtveju, mẽs tùrime problèmą...	Tokiu atveju, mes turime problemą...	In that case, we've got a problem...	atveju	1	atvejis	Ncmsin-	1mascIS
Tòmas šiuõ metù gyvẽna sù sàvo dėdè.	Tomas šiuo metu gyvena su savo dėde.	Tom currently lives with his uncle.	metu	2	metas	Ncmsin-	1mascIAS
Tòmas šiuõ metù gyvẽna sù sàvo dėdè.	Tomas šiuo metu gyvena su savo dėde.	Tom currently lives with his uncle.	dėde	6	dėdė	Ncmsin-	
Ar̃ galiù pasinaudóti tàvo telefonù?	Ar galiu pasinaudoti tavo telefonu?	Might I use your phone?	telefonu	4	telefonas	Ncmsin-	1mascIAS
Jiẽ sãko kàd jìs tuõ metù bùvo ligóninėje.	Jie sako kad jis tuo metu buvo ligoninėje.	They say that he was in the hospital at that time.	metu	5	metas	Ncmsin-	1mascIAS
Àš labaĩ didžiúojuosi sàvo dukrà.	Aš labai didžiuojuosi savo dukra.	I'm very proud of my daughter.	dukra	4	dukra	Ncfsin-	2femIA
Tókiu ãtveju, eĩname.	Tokiu atveju, einame.	In that case, let's go.	atveju	1	atvejis	Ncmsin-	1mascIS
Tókiu ãtveju, skam̃bink polìcijai.	Tokiu atveju, skambink policijai.	In that case, call the police.	atveju	1	atvejis	Ncmsin-	1mascIS
Tuõ metù, vìsas pasáulis bùvo álkanas.	Tuo metu, visas pasaulis buvo alkanas.	At that time, the whole world was hungry.	metu	1	metas	Ncmsin-	1mascIAS
Taĩp išė̃jo kàd àš tuõ metù buvaũ Lòndone.	Taip išėjo kad aš tuo metu buvau Londone.	It happened that I was not in London at that time.	metu	5	metas	Ncmsin-	1mascIAS
Tòmas tikriáusiai dabar̃ ỹra sù Merè.	Tomas tikriausiai dabar yra su Mere.	Tom is probably with Mary right now.	Mere	5	merė	Ncfsin-	2femĖ
Jì tãpo móterimi.	Ji tapo moterimi.	She became a woman.	moterimi	2	moteris	Ncfsin-	3fem
Nuėjaũ į̃ kìną sù sàvo bróliu.	Nuėjau į kiną su savo broliu.	I went to the cinema with my brother.	broliu	5	brolis	Ncmsin-	1mascIS
Ar̃ pasìtiki Dievù?	Ar pasitiki Dievu?	You trust in god?	Dievu	2	dievas	Ncmsin-	1mascIAS
Màno núomone, bùs sunkù išspręstì šią̃ problèmą.	Mano nuomone, bus sunku išspręsti šią problemą.	In my opinion, it would be difficult to solve this problem.	nuomone	1	nuomonė	Ncfsin-	2femĖ
Àš nebuvaũ paténkintas gyvẽnimu Parỹžiuje.	Aš nebuvau patenkintas gyvenimu Paryžiuje.	I was not satisfied with life in Paris.	gyvenimu	3	gyvenimas	Ncmsin-	1mascIAS
Ką̃ jìs padãrė sù màno mėsà?	Ką jis padarė su mano mėsa?	What did he do to my meat?	mėsa	5	mėsa	Ncfsin-	2femIA
Àš didžiúojuosi sàvo sūnumì.	Aš didžiuojuosi savo sūnumi.	I'm proud of my son.	sūnumi	3	sūnus	Ncmsin-	4masc
Àš esù paténkintas sàvo dárbu.	Aš esu patenkintas savo darbu.	I am content with my job.	darbu	4	darbas	Ncmsin-	1mascIAS
Jì šiuõ metù ỹra pavõjuje.	Ji šiuo metu yra pavojuje.	She is currently in danger.	metu	2	metas	Ncmsin-	1mascIAS
Kuriuõ metù mẽs turė́tume nueitì į̃ stõtį?	Kuriuo metu mes turėtume nueiti į stotį?	At what time should we go to the station?	metu	1	metas	Ncmsin-	1mascIAS
Mótina nežinójo ką̃ darýti sù sàvo sūnumì.	Motina nežinojo ką daryti su savo sūnumi.	The mother didn't know what to do with her son.	sūnumi	6	sūnus	Ncmsin-	4masc
Tòmas praléido laĩką sù Merè.	Tomas praleido laiką su Mere.	Tom spent time with Mary.	Mere	4	merė	Ncfsin-	2femĖ
Kaĩp tìk tuõ metù autobùsas sustójo.	Kaip tik tuo metu autobusas sustojo.	Just at that time, the bus stopped.	metu	3	metas	Ncmsin-	1mascIAS
Mėnùlis sùkasi apliñk Žemè.	Mėnulis sukasi aplink Žeme.	The moon moves around the earth.	Žeme	3	žemė	Ncfsin-	2femĖ
Ar̃ einù teisìnga kryptimì?	Ar einu teisinga kryptimi?	Am I going in the right direction?	kryptimi	3	kryptis	Ncfsin-	3fem
Àš gyvenù Kairè.	Aš gyvenu Kaire.	I live in Cairo.	Kaire	2	kairė	Ncfsin-	2femĖ
Àš sutinkù, bèt tìk sù víena są́lyga.	Aš sutinku, bet tik su viena sąlyga.	I accept, but only under one condition.	sąlyga	7	sąlyga	Ncfsin-	2femIA
Jì gulė́jo añt lóvos véidu žemỹn.	Ji gulėjo ant lovos veidu žemyn.	She was lying face down on the bed.	veidu	4	veidas	Ncmsin-	1mascIAS
Milijõnas žmonių̃ prarãdo sàvo gyvýbę kãro metù.	Milijonas žmonių prarado savo gyvybę karo metu.	A million people lost their live during the war.	metu	6	metas	Ncmsin-	1mascIAS
Sù kurià móterimi tù liekì?	Su kuria moterimi tu lieki?	Which woman do you stay with?	moterimi	2	moteris	Ncfsin-	3fem
Taĩ ką̃ jìs pasãkė netùri niẽko beñdro sù šiuõ reĩkalu.	Tai ką jis pasakė neturi nieko bendro su šiuo reikalu.	What he said is irrelevant to the matter.	reikalu	9	reikalas	Ncmsin-	1mascIAS
Tàs miẽstas bùvo sunaikìntas kãro metù.	Tas miestas buvo sunaikintas karo metu.	The town was destroyed during the war.	metu	5	metas	Ncmsin-	1mascIAS
Ar̃ šiuõ metù esì užsiė̃musi?	Ar šiuo metu esi užsiėmusi?	Are you busy at the moment?	metu	2	metas	Ncmsin-	1mascIAS
Àš esù paténkinta sàvo dárbu.	Aš esu patenkinta savo darbu.	I am content with my job.	darbu	4	darbas	Ncmsin-	1mascIAS
Àš žaidžiù sù sàvo sūnumì.	Aš žaidžiu su savo sūnumi.	I play with my son.	sūnumi	4	sūnus	Ncmsin-	4masc
Jì atródė paténkinta sàvo naujù dárbu.	Ji atrodė patenkinta savo nauju darbu.	She looked pleased with her new job.	darbu	5	darbas	Ncmsin-	1mascIAS
Nerimáuju, ar̃ mán pavỹks būtì gerù tėčiù.	Nerimauju, ar man pavyks būti geru tėčiu.	I worry about whether I'll be a good father.	tėčiu	7	tėtis	Ncmsin-	1mascIS
Paskutiniù metù buvaũ labaĩ užsiė̃męs.	Paskutiniu metu buvau labai užsiėmęs.	I've been very busy lately.	metu	1	metas	Ncmsin-	1mascIAS
Paskutiniù metù buvaũ labaĩ užsiė̃musi.	Paskutiniu metu buvau labai užsiėmusi.	I've been very busy lately.	metu	1	metas	Ncmsin-	1mascIAS
Eĩkite tiẽsiai šità gatvè.	Eikite tiesiai šita gatve.	Go straight on down this street.	gatve	3	gatvė	Ncfsin-	2femĖ
Jiẽ gyvẽno káime kãro metù.	Jie gyveno kaime karo metu.	They lived in the countryside during the war.	metu	4	metas	Ncmsin-	1mascIAS
Jì tùri sū́nų kurìs tãpo dãktaru.	Ji turi sūnų kuris tapo daktaru.	She has a son, who became a doctor.	daktaru	5	daktaras	Ncmsin-	1mascIAS
Kuriuõ metù šòu pasìbaigė?	Kuriuo metu šou pasibaigė?	At what time did the show finish?	metu	1	metas	Ncmsin-	1mascIAS
Žiū̃rint į̃ jį̃, jį̃ gãlima palaikýti mergáite.	Žiūrint į jį, jį galima palaikyti mergaite.	To look at him, you'd take him for a girl.	mergaite	7	mergaitė	Ncfsin-	2femĖ
Ar̃ tìki méile ìš pìrmo žvil̃gsnio?	Ar tiki meile iš pirmo žvilgsnio?	Do you believe in love at first sight?	meile	2	meilė	Ncfsin-	2femĖ
Ar̃ tìkite méile ìš pìrmo žvil̃gsnio?	Ar tikite meile iš pirmo žvilgsnio?	Do you believe in love at first sight?	meile	2	meilė	Ncfsin-	2femĖ
Àš išmókau grotì gitarà kaĩ mán bùvo dẽšimt mẽtų.	Aš išmokau groti gitara kai man buvo dešimt metų.	I learned to play guitar when I was ten years old.	gitara	3	gitara	Ncfsin-	2femIA
Àš paprašiaũ Tòmo grotì gitarà.	Aš paprašiau Tomo groti gitara.	I asked Tom to play the guitar.	gitara	4	gitara	Ncfsin-	2femIA
Jì tãpo seselè.	Ji tapo sesele.	She became a nurse.	sesele	2	seselė	Ncfsin-	2femĖ
Mė́gstu grotì gitarà.	Mėgstu groti gitara.	I like to play guitar.	gitara	2	gitara	Ncfsin-	2femIA
Norė́čiau taptì arbà daktarè, arbà seselè, arbà mókytoja.	Norėčiau tapti arba daktare, arba sesele, arba mokytoja.	I want to be a doctor or a nurse or a teacher.	sesele	6	seselė	Ncfsin-	2femĖ
Ròbertas mė́go kalbė́ti sù sàvo merginà.	Robertas mėgo kalbėti su savo mergina.	Robert enjoyed talking with his girlfriend.	mergina	5	mergina	Ncfsin-	2femIA
Šiuõ metù Tòmas niẽkur nedìrba.	Šiuo metu Tomas niekur nedirba.	Tom isn't currently working anywhere.	metu	1	metas	Ncmsin-	1mascIAS
Ar̃ mókate naudótis kompiùteriu?	Ar mokate naudotis kompiuteriu?	Do you know how to use a computer?	kompiuteriu	3	kompiuteris	Ncmsin-	1mascIS
Ar̃ mokì naudótis kompiùteriu?	Ar moki naudotis kompiuteriu?	Do you know how to use a computer?	kompiuteriu	3	kompiuteris	Ncmsin-	1mascIS
Jìs atvažiãvo automobiliù.	Jis atvažiavo automobiliu.	He came by car.	automobiliu	2	automobilis	Ncmsin-	1mascIS
Jìs mán pasãkė kàd àš galiù naudótis jõ automobiliù.	Jis man pasakė kad aš galiu naudotis jo automobiliu.	He told me that I could use his car.	automobiliu	8	automobilis	Ncmsin-	1mascIS
Kaĩ kuriẽ pasakýtų, kàd jìs žaĩdžia sù ugnimì.	Kai kurie pasakytų, kad jis žaidžia su ugnimi.	Some would say that he's playing with fire.	su	7	ugnis	Ncfsin-	3fem
Kar̃tais àš važiúoju autobusù, kar̃tais automobiliù.	Kartais aš važiuoju autobusu, kartais automobiliu.	Sometimes I go by bus and sometimes by car.	autobusu	3	autobusas	Ncmsin-	1mascIAS
Kar̃tais àš važiúoju autobusù, kar̃tais automobiliù.	Kartais aš važiuoju autobusu, kartais automobiliu.	Sometimes I go by bus and sometimes by car.	automobiliu	6	automobilis	Ncmsin-	1mascIS
Kókiu kompiùteriu Tòmas naudójasi?	Kokiu kompiuteriu Tomas naudojasi?	What kind of computer does Tom use?	kompiuteriu	1	kompiuteris	Ncmsin-	1mascIS
Màno svajõnė ỹra taptì mókytoju.	Mano svajonė yra tapti mokytoju.	My dream is to become a teacher.	mokytoju	4	mokytojas	Ncmsin-	1mascIAS
Nevadìnk manę̃s kvailiù!	Nevadink manęs kvailiu!	Don't call me an idiot!	kvailiu	2	kvailys	Ncmsin-	1mascIS
Nežaĩsk sù ugnimì.	Nežaisk su ugnimi.	Don't play with fire.	ugnimi	2	ugnis	Ncfsin-	3fem
Norė́čiau taptì mókytoju.	Norėčiau tapti mokytoju.	I'd like to be a teacher.	mokytoju	2	mokytojas	Ncmsin-	1mascIAS
Pavojìnga žaistì sù ugnimì.	Pavojinga žaisti su ugnimi.	It's dangerous to play with fire.	ugnimi	3	ugnis	Ncfsin-	3fem
Ar̃ šiuõ metù ẽsate užsiė̃mę?	Ar šiuo metu esate užsiėmę?	Are you busy at the moment?	metu	2	metas	Ncmsin-	1mascIAS
Kaĩp tù susipažinaĩ sù tuõ žmogumì?	Kaip tu susipažinai su tuo žmogumi?	How did you get to know that person?	žmogumi	5	žmogus	Ncmsin-	exception
Kàs skam̃bina pianinù?	Kas skambina pianinu?	Who is playing the piano?	pianinu	2	pianinas	Ncmsin-	1mascIAS
Šiojè šalyjè vidutìnis vaikų̃ skaĩčius šeĩmai nukrìto nuõ dviejų̃ ikì víeno sù pusè.	Šioje šalyje vidutinis vaikų skaičius šeimai nukrito nuo dviejų iki vieno su puse.	In this country the average number of children per family fell from 2 to 1.5.	puse	12	pusė	Ncfsin-	2femĖ
Tòmas važiúoja dvìračiu.	Tomas važiuoja dviračiu.	Tom is riding a bicycle.	dviračiu	2	dviratis	Ncmsin-	1mascIS
Àš išmókau važiúoti dvìračiu kaĩ mán bùvo šešerì.	Aš išmokau važiuoti dviračiu kai man buvo šešeri.	I learned how to ride a bike when I was six years old.	dviračiu	3	dviratis	Ncmsin-	1mascIS
Àš norė́čiau pasikalbė́ti sù Džonù.	Aš norėčiau pasikalbėti su Džonu.	I'd like to talk to John.	Džonu	4	Džonas	Npmsinf	1mascIAS
Jìs didžiúojasi sàvo šeimà.	Jis didžiuojasi savo šeima.	He is proud of his family.	šeima	3	šeima	Ncfsin-	2femIA
Jìs mė́gsta válgyti salotàs sù mėsà.	Jis mėgsta valgyti salotas su mėsa.	He likes to eat salad with meat.	mėsa	5	mėsa	Ncfsin-	2femIA
Jìs nuspréndė taptì gýdytoju.	Jis nusprendė tapti gydytoju.	He made up his mind to be a doctor.	gydytoju	3	gydytojas	Ncmsin-	1mascIAS
Katė̃ ỹra põ stalù.	Katė yra po stalu.	The cat is under the table.	stalu	3	stalas	Ncmsin-	1mascIAS
Mẽs tikìme Dievù.	Mes tikime Dievu.	We believe in God.	Dievu	2	dievas	Ncmsin-	1mascIAS
Šiuõ metù Tòmas móko ánglų kalbõs Japònijoje.	Šiuo metu Tomas moko anglų kalbos Japonijoje.	Tom currently teaches English in Japan.	metu	1	metas	Ncmsin-	1mascIAS
Àš nuspréndžiau taptì advokatù.	Aš nusprendžiau tapti advokatu.	I decided to be a lawyer.	advokatu	3	advokatas	Ncmsin-	1mascIAS
Àš sutikaũ sù šiuõ pasiū́lymu.	Aš sutikau su šiuo pasiūlymu.	I agreed to the proposal.	pasiūlymu	4	pasiūlymas	Ncmsin-	1mascIAS
Àš teñ skrìsiu lėktuvù.	Aš ten skrisiu lėktuvu.	I will go there by plane.	lėktuvu	3	lėktuvas	Ncmsin-	1mascIAS
Jì grójo gitarà, õ jìs dainãvo.	Ji grojo gitara, o jis dainavo.	She played the guitar and he sang.	gitara	2	gitara	Ncfsin-	2femIA
Jìs bùvo apkáltintas žmogžudystè.	Jis buvo apkaltintas žmogžudyste.	He was accused of murder.	žmogžudyste	3	žmogžudystė	Ncfsin-	2femĖ
Jìs nesutìko sù màno pasiū́lymu.	Jis nesutiko su mano pasiūlymu.	He didn't agree to my proposal.	pasiūlymu	4	pasiūlymas	Ncmsin-	1mascIAS
Jìs sutìko sù mū́sų pasiū́lymu.	Jis sutiko su mūsų pasiūlymu.	He accepted our offer.	pasiūlymu	4	pasiūlymas	Ncmsin-	1mascIAS
Kaĩ atėjaũ namõ, màno sesuõ grójo gitarà.	Kai atėjau namo, mano sesuo grojo gitara.	When I came home, my sister was playing the guitar.	gitara	7	gitara	Ncfsin-	2femIA
Kuriuõ metù išgirdaĩ šū̃vį?	Kuriuo metu išgirdai šūvį?	At what time did you hear the gunshot?	metu	1	metas	Ncmsin-	1mascIAS
Negaliù giñčytis sù likimù.	Negaliu ginčytis su likimu.	One can't quarrel with destiny.	likimu	3	likimas	Ncmsin-	1mascIAS
Norė́čiau pasikalbė́ti sù advokatù.	Norėčiau pasikalbėti su advokatu.	I want to speak to a lawyer.	advokatu	3	advokatas	Ncmsin-	1mascIAS
Norė́čiau pasikalbė́ti sù sàvo advokatù.	Norėčiau pasikalbėti su savo advokatu.	I want to speak to my lawyer.	advokatu	4	advokatas	Ncmsin-	1mascIAS
Ar̃ galiù tavè vadìnti Tomù?	Ar galiu tave vadinti Tomu?	May I call you Tom?	Tomu	4	tomas	Ncmsin-	1mascIAS
Àš išsių̃siu knỹgą paštù.	Aš išsiųsiu knygą paštu.	I'll send the book by mail.	paštu	3	paštas	Ncmsin-	1mascIAS
Àš kalbė́jausi sù Tomù.	Aš kalbėjausi su Tomu.	I talked to Tom.	Tomu	3	Tomas	Npmsinf	1mascIAS
Àš kalbù sù Tomù.	Aš kalbu su Tomu.	I am talking with Tom.	Tomu	3	tomas	Ncmsin-	1mascIAS
Àš supáiniojau tavè sù sàvo bróliu.	Aš supainiojau tave su savo broliu.	I mistook you for your brother.	broliu	5	brolis	Ncmsin-	1mascIS
Àš sutikaũ sù Tomù.	Aš sutikau su Tomu.	I agreed with Tom.	Tomu	3	Tomas	Npmsinf	1mascIAS
Àš turbū́t tavè supáiniojau sù kitù màno draugù kurìs tùri tókį pãtį var̃dą!	Aš turbūt tave supainiojau su kitu mano draugu kuris turi tokį patį vardą!	I may have mistaken you with my other friend who has the same name!	draugu	7	draugas	Ncmsin-	1mascIAS
Jì juõs teñ nùvežė automobiliù.	Ji juos ten nuvežė automobiliu.	She drove them there by car.	automobiliu	4	automobilis	Ncmsin-	1mascIS
Jõ tėvaĩ bùvo paténkinti jõ sėkmè.	Jo tėvai buvo patenkinti jo sėkme.	His parents were pleased with his success.	sėkme	5	sėkmė	Ncfsin-	2femĖ
Kadà tù susipažinaĩ sù Tomù?	Kada tu susipažinai su Tomu?	When did you get to know Tom?	Tomu	4	Tomas	Npmsinf	1mascIAS
Mẽs sù Tomù netùrime jokių̃ paslapčių̃ víenas nuõ kìto.	Mes su Tomu neturime jokių paslapčių vienas nuo kito.	Tom and I have no secrets from each other.	Tomu	2	tomas	Ncmsin-	1mascIAS
Vãkar pìrmą kar̃tą kalbė́jau sù Tomù prancū̃ziškai.	Vakar pirmą kartą kalbėjau su Tomu prancūziškai.	Yesterday was the first time I had spoken to Tom in French.	Tomu	5	Tomas	Npmsinf	1mascIAS
Jìs apsìmetė màno draugù.	Jis apsimetė mano draugu.	He pretended to be my friend.	draugu	3	draugas	Ncmsin-	1mascIAS
Kókiu maistù àš turė́čiau maitìnti sàvo šùnį?	Kokiu maistu aš turėčiau maitinti savo šunį?	What kind of food should I be feeding my dog?	maistu	1	maistas	Ncmsin-	1mascIAS
Pažiūrė́k į̃ tą̃ nãmą sù raudónu stógu.	Pažiūrėk į tą namą su raudonu stogu.	Look at the house with the red roof.	stogu	6	stogas	Ncmsin-	1mascIAS
Pažiūrė́kite į̃ tą̃ nãmą sù raudónu stógu.	Pažiūrėkite į tą namą su raudonu stogu.	Look at the house with the red roof.	stogu	6	stogas	Ncmsin-	1mascIAS
Põ añtklode ỹra šil̃ta.	Po antklode yra šilta.	It's warm under the blanket.	antklode	1	antklodė	Ncfsin-	2femĖ
Polìcija apkáltino jį̃ žmogžudystè.	Policija apkaltino jį žmogžudyste.	The police accused him of murder.	žmogžudyste	3	žmogžudystė	Ncfsin-	2femĖ
Àš niekadà negė́riau arbãtos sù píenu.	Aš niekada negėriau arbatos su pienu.	I've never drank milk with tea.	pienu	5	pienas	Ncmsin-	1mascIAS
Jái tuõ metù bùvo devyniólika.	Jai tuo metu buvo devyniolika.	She was 19 at the time.	metu	2	metas	Ncmsin-	1mascIAS
Jìs nėrà paténkintas rezultatù.	Jis nėra patenkintas rezultatu.	He is unsatisfied with the result.	rezultatu	3	rezultatas	Ncmsin-	1mascIAS
Jìs ỹra nepaténkintas rezultatù.	Jis yra nepatenkintas rezultatu.	He is unsatisfied with the result.	rezultatu	3	rezultatas	Ncmsin-	1mascIAS
Nóriu būtì beĩsbolo žaidė́ju.	Noriu būti beisbolo žaidėju.	I want to be a baseball player.	žaidėju	3	žaidėjas	Ncmsin-	1mascIAS
Nóriu kavõs sù píenu.	Noriu kavos su pienu.	I want coffee with milk.	pienu	3	pienas	Ncmsin-	1mascIAS
Põ súolu ỹra katė̃.	Po suolu yra katė.	There is a cat under the desk.	suolu	1	suolas	Ncmsin-	1mascIAS
Šiuõ metù Tòmas ỹra bedar̃bis.	Šiuo metu Tomas yra bedarbis.	Tom is currently unemployed.	metu	1	metas	Ncmsin-	1mascIAS
Àš radaũ põrą pir̃štinių põ kėdè.	Aš radau porą pirštinių po kėde.	I found a pair of gloves under the chair.	kėde	5	kėdė	Ncfsin-	2femĖ
Àš tuõ metù buvaũ tìk septynerių̃ mẽtų mergáitė.	Aš tuo metu buvau tik septynerių metų mergaitė.	I was only a seven-year-old girl at that time.	metu	2	metas	Ncmsin-	1mascIAS
Jìs susitiñka sù sàvo merginà šeštãdieniais.	Jis susitinka su savo mergina šeštadieniais.	He meets his girlfriend on Saturdays.	mergina	4	mergina	Ncfsin-	2femIA
Jì ỹra apsė́sta vélniu.	Ji yra apsėsta velniu.	She is possessed by a devil.	velniu	3	velnias	Ncmsin-	1mascIAS
Kàs pasirū́pins šunimì, kõl mẽs bū́sime išvỹkę?	Kas pasirūpins šunimi, kol mes būsime išvykę?	Who will take care of the dog while we are away?	šunimi	2	šuo	Ncmsin-	exception
Màno draũgas pavadìno manè bailiù.	Mano draugas pavadino mane bailiu.	My friend called me a coward.	bailiu	4	bailys	Ncmsin-	1mascIS
Màno svajõnė liẽka svajonè.	Mano svajonė lieka svajone.	My dream is still just a dream.	svajone	3	svajonė	Ncfsin-	2femĖ
Mèrė nóri taptì advokatè.	Merė nori tapti advokate.	Mary wants to be a lawyer.	advokate	3	advokatė	Ncfsin-	2femĖ
Niekadà nègeriu arbãtos sù citrinà.	Niekada negeriu arbatos su citrina.	I never drink tea with lemon.	citrina	4	citrina	Ncfsin-	2femIA
Prašýčiau arbãtos sù citrinà.	Prašyčiau arbatos su citrina.	A tea with lemon, please.	citrina	3	citrina	Ncfsin-	2femIA
Taĩ ỹra põ kėdè.	Tai yra po kėde.	It is under the chair.	kėde	3	kėdė	Ncfsin-	2femĖ
Ateitìs priklaũso tíems, kuriẽ tìki sàvo svajõnių grožiù.	Ateitis priklauso tiems, kurie tiki savo svajonių grožiu.	The future belongs to those who believe in the beauty of their dreams.	grožiu	8	grožis	Ncmsin-	1mascIS
Jì tãpo ãktore.	Ji tapo aktore.	She became an actress.	aktore	2	aktorė	Ncfsin-	2femĖ
Kaĩ àš užáugsiu, àš nóriu būtì karãliumi.	Kai aš užaugsiu, aš noriu būti karaliumi.	When I grow up, I want to be a king.	karaliumi	7	karalius	Ncmsin-	4masc
Laisvãlaikiu labiáusiai mė́gstu váikščioti pakránte.	Laisvalaikiu labiausiai mėgstu vaikščioti pakrante.	My favorite pastime is strolling along the shore.	Laisvalaikiu	0	laisvalaikis	Ncmsin-	1mascIS
Laisvãlaikiu labiáusiai mė́gstu váikščioti pakránte.	Laisvalaikiu labiausiai mėgstu vaikščioti pakrante.	My favorite pastime is strolling along the shore.	pakrante	4	pakrantė	Ncfsin-	2femĖ
Mẽs vadìname Niujòrką Didžiúoju óbuoliu.	Mes vadiname Niujorką Didžiuoju obuoliu.	We call New York the Big Apple.	obuoliu	4	obuolys	Ncmsin-	1mascIS
Nepasitikė́k žmogumì, apiẽ kuriõ prãeitį tù niẽko nežinaĩ.	Nepasitikėk žmogumi, apie kurio praeitį tu nieko nežinai.	Don't trust a man whose past you know nothing about.	žmogumi	1	žmogus	Ncmsin-	exception
Patalpõs plótas ỹra dù sù pusè kvadrãtinių mètrų.	Patalpos plotas yra du su puse kvadratinių metrų.	The room's area is two and half square meters.	puse	5	pusė	Ncfsin-	2femĖ
Tòmas apsimetinė́jo Mèrės draugù.	Tomas apsimetinėjo Merės draugu.	Tom pretended to be Mary's friend.	draugu	3	draugas	Ncmsin-	1mascIAS
Tòmas gãli susisíekti sù Merè elektròniniu paštù.	Tomas gali susisiekti su Mere elektroniniu paštu.	Tom can get in touch with Mary by email.	Mere	4	merė	Ncfsin-	2femĖ
Tòmas gãli susisíekti sù Merè elektròniniu paštù.	Tomas gali susisiekti su Mere elektroniniu paštu.	Tom can get in touch with Mary by email.	paštu	6	paštas	Ncmsin-	1mascIAS
Àš pàsekiau mótinos pãvyzdžiu.	Aš pasekiau motinos pavyzdžiu.	I followed my mother's example.	pavyzdžiu	3	pavyzdys	Ncmsin-	1mascIS
Àš susirgaũ gripù.	Aš susirgau gripu.	I got the flu.	gripu	2	gripas	Ncmsin-	1mascIAS
Atsisė́skite dár kar̃tą, panelè Kùrtis.	Atsisėskite dar kartą, panele Kurtis.	Sit down again, Miss Curtis.	panele	4	panelė	Ncfsin-	2femĖ
Bejè, ar̃ tù gróji smuikù?	Beje, ar tu groji smuiku?	By the way, do you play the violin?	smuiku	5	smuikas	Ncmsin-	1mascIAS
Jìs atvažiãvo į̃ Tòkiją sù dìdele svajonè.	Jis atvažiavo į Tokiją su didele svajone.	He came up to Tokyo with a big dream.	svajone	6	svajonė	Ncfsin-	2femĖ
Jìs bùvo kareiviù kãro metù.	Jis buvo kareiviu karo metu.	He was a soldier during the war.	kareiviu	2	kareivis	Ncmsin-	1mascIS
Jìs bùvo kareiviù kãro metù.	Jis buvo kareiviu karo metu.	He was a soldier during the war.	metu	4	metas	Ncmsin-	1mascIAS
Jìs pasinaudójo màno jaunumù.	Jis pasinaudojo mano jaunumu.	He took advantage of my youth.	jaunumu	3	jaunumas	Ncmsin-	1mascIAS
Káimą sù mū́sų miestù sujùngia tìltas.	Kaimą su mūsų miestu sujungia tiltas.	The village is connected with our town by a bridge.	miestu	3	miestas	Ncmsin-	1mascIAS
Kuriuõ metù išgir̃dote šū̃vį?	Kuriuo metu išgirdote šūvį?	At what time did you hear the gunshot?	metu	1	metas	Ncmsin-	1mascIAS
Nepáiniok Áustrijos sù Austrãlija.	Nepainiok Austrijos su Australija.	Don't confuse Austria with Australia.	Australija	3	Australija	Npfsing	2femIA
Stovė́jome véidu į̃ véidą sù mirtimì.	Stovėjome veidu į veidą su mirtimi.	We stood face to face with death.	veidu	1	veidas	Ncmsin-	1mascIAS
Stovė́jome véidu į̃ véidą sù mirtimì.	Stovėjome veidu į veidą su mirtimi.	We stood face to face with death.	mirtimi	5	mirtis	Ncfsin-	3fem
Jìs pabañdė nusižudýti, bèt taĩ baĩgėsi nẽsėkme.	Jis pabandė nusižudyti, bet tai baigėsi nesėkme.	He tried to kill himself but it ended in failure.	nesėkme	7	nesėkmė	Ncfsin-	2femĖ
Jõ bañdymas baĩgėsi nẽsėkme.	Jo bandymas baigėsi nesėkme.	His attempt ended in failure.	nesėkme	3	nesėkmė	Ncfsin-	2femĖ
Mẽs negalė́jome naudótis čiáupu nès jìs nèveikė.	Mes negalėjome naudotis čiaupu nes jis neveikė.	We couldn't use the faucet because it was out of order.	čiaupu	3	čiaupas	Ncmsin-	1mascIAS
Nãmas sù žaliù stógu ỹra màno.	Namas su žaliu stogu yra mano.	The house whose roof is green is mine.	stogu	3	stogas	Ncmsin-	1mascIAS
Pabandýk supjáustyti mė̃są sù kitù peiliù.	Pabandyk supjaustyti mėsą su kitu peiliu.	Try to slice the meat with a different knife.	peiliu	5	peilis	Ncmsin-	1mascIS
Šìs bañdymas baĩgėsi nẽsėkme.	Šis bandymas baigėsi nesėkme.	This attempt resulted in failure.	nesėkme	3	nesėkmė	Ncfsin-	2femĖ
Sù šiuõ teleskopù gãlima pamatýti žvaigždès ir̃ svajonès.	Su šiuo teleskopu galima pamatyti žvaigždes ir svajones.	With this telescope stars and dreams can be seen.	teleskopu	2	teleskopas	Ncmsin-	1mascIAS
Vìsos mū́sų pãstangos baĩgėsi nẽsėkme.	Visos mūsų pastangos baigėsi nesėkme.	All our effort ended in failure.	nesėkme	4	nesėkmė	Ncfsin-	2femĖ
Ar̃ Jū̃s mókate rašýti spáusdinimo mašinėlè?	Ar Jūs mokate rašyti spausdinimo mašinėle?	Are you able to type?	mašinėle	5	mašinėlė	Ncfsin-	2femĖ
Ar̃ užsiiminė́ji kókiu nórs spòrtu?	Ar užsiiminėji kokiu nors sportu?	Do you do any sport?	nors	3	sportas	Ncmsin-	1mascIAS
Àš nebègeriu píeno sù cùkrumi.	Aš nebegeriu pieno su cukrumi.	I don't drink milk with sugar any more.	cukrumi	4	cukrus	Ncmsin-	4masc
Jiẽ norė́jo pasidarýti vestùvinę núotrauką sù Eĩfelio bókštu fonè.	Jie norėjo pasidaryti vestuvinę nuotrauką su Eifelio bokštu fone.	They wanted a wedding picture in front of the Eiffel Tower.	bokštu	7	bokštas	Ncmsin-	1mascIAS
Jungtìnėse Valstìjose manè dažnaĩ palaĩko kinù.	Jungtinėse Valstijose mane dažnai palaiko kinu.	In the U.S., they often mistake me for a Chinese person.	kinu	5	kinas	Ncmsin-	1mascIAS
Kàs šiuõ metù vỹksta Lénkijoje?	Kas šiuo metu vyksta Lenkijoje?	What's happening now in Poland?	metu	2	metas	Ncmsin-	1mascIAS
Kíek pinigų̃ tù tùri paslė̃pęs põ sàvo lóva?	Kiek pinigų tu turi paslėpęs po savo lova?	How much money do you have hidden under your bed?	lova	7	lova	Ncfsin-	2femIA
Nè kiekvíenas gãli būtì mẽnininku.	Ne kiekvienas gali būti menininku.	Not everybody can be an artist.	menininku	4	menininkas	Ncmsin-	1mascIAS
Àš visadà norė́jau taptì profesionaliù krepšìnio žaidė́ju.	Aš visada norėjau tapti profesionaliu krepšinio žaidėju.	I've always wanted to be a professional basketball player.	žaidėju	6	žaidėjas	Ncmsin-	1mascIAS
Jìs daugiaũ nebepasìtiki dãktaru.	Jis daugiau nebepasitiki daktaru.	He doesn't trust the doctor any more.	daktaru	3	daktaras	Ncmsin-	1mascIAS
Jìs pripìldė bùtelį vandeniù.	Jis pripildė butelį vandeniu.	He filled the bottle with water.	vandeniu	3	vanduo	Ncmsin-	5masc
Nesikéik ar̃ àš išpláusiu tàvo bùrną sù muilù.	Nesikeik ar aš išplausiu tavo burną su muilu.	Don't curse or I'll wash your mouth out with soap.	muilu	7	muilas	Ncmsin-	1mascIAS
Niekadà nelýgink sàvo žmonõs sù kità móterimi.	Niekada nelygink savo žmonos su kita moterimi.	Never compare your wife to another woman.	moterimi	6	moteris	Ncfsin-	3fem
Tòmas ir̃ Mèrė nusipir̃ko nãmą sù baseinù.	Tomas ir Merė nusipirko namą su baseinu.	Tom and Mary bought a home with a pool.	baseinu	6	baseinas	Ncmsin-	1mascIAS
Tòmas ỹra kvalifikúotas būtì širdiẽs chirùrgu.	Tomas yra kvalifikuotas būti širdies chirurgu.	Tom is qualified to be a heart surgeon.	chirurgu	5	chirurgas	Ncmsin-	1mascIAS
Àš vìs dár turiù atsikratýti šiuõ kilimù.	Aš vis dar turiu atsikratyti šiuo kilimu.	I still have to get rid of this carpet.	kilimu	6	kilimas	Ncmsin-	1mascIAS
Bóbas tuõ metù plóvė indùs.	Bobas tuo metu plovė indus.	Bob was washing the dishes at that time.	metu	2	metas	Ncmsin-	1mascIAS
Kuriuõ metù taksì nuvažiuõs į̃ óro úostą?	Kuriuo metu taksi nuvažiuos į oro uostą?	At what time will the taxi go to the airport?	metu	1	metas	Ncmsin-	1mascIAS
Prašaũ sujungtì manè sù ponù Smitù.	Prašau sujungti mane su ponu Smitu.	Will you please connect me with Mr. Smith?	ponu	4	ponas	Ncmsin-	1mascIAS
Prašaũ sujungtì manè sù ponù Smitù.	Prašau sujungti mane su ponu Smitu.	Will you please connect me with Mr. Smith?	Smitu	5	Smitas	Npmsins	1mascIAS
Rašýk pieštukù.	Rašyk pieštuku.	Write it in pencil.	pieštuku	1	pieštukas	Ncmsin-	1mascIAS
Šìs kálnas ỹra pàdengtas sniegù visùs metùs.	Šis kalnas yra padengtas sniegu visus metus.	This mountain is snow-covered the entire year.	sniegu	4	sniegas	Ncmsin-	1mascIAS
Tiesióg buvaĩ blogojè viẽtoje, blogù metù.	Tiesiog buvai blogoje vietoje, blogu metu.	You were just in the wrong place at the wrong time.	metu	6	metas	Ncmsin-	1mascIAS
Visà šalìs bùvo paláidota põ sniegù.	Visa šalis buvo palaidota po sniegu.	The whole country was buried under snow.	sniegu	5	sniegas	Ncmsin-	1mascIAS
Výras užpúolė ją̃ sù ketìnimu ją̃ nužudýti.	Vyras užpuolė ją su ketinimu ją nužudyti.	The man attacked her with the intention of killing her.	ketinimu	4	ketinimas	Ncmsin-	1mascIAS
Eĩkite šià gatvè tiẽsiai ir̃ priẽ trẽčio šviesofòro pasùkite į̃ dẽšinę.	Eikite šia gatve tiesiai ir prie trečio šviesoforo pasukite į dešinę.	Go straight down this street and turn right at the third light.	gatve	2	gatvė	Ncfsin-	2femĖ
Gaĩla, jóg nesìelgiau sù mergáite kíek gražiaũ.	Gaila, jog nesielgiau su mergaite kiek gražiau.	I wish I had treated the girl more kindly.	mergaite	5	mergaitė	Ncfsin-	2femĖ
Geràs gyvẽnimas ỹra tàs, kurìs į̃kvėptas méile ir̃ val̃domas žiniomìs.	Geras gyvenimas yra tas, kuris įkvėptas meile ir valdomas žiniomis.	The good life is one inspired by love and guided by knowledge.	meile	7	meilė	Ncfsin-	2femĖ
Griñdys ỹra pàdengtos stóru kilimù.	Grindys yra padengtos storu kilimu.	The floor is covered with a thick carpet.	kilimu	4	kilimas	Ncmsin-	1mascIAS
Jìs labaĩ didžiúojasi sàvo žaislù.	Jis labai didžiuojasi savo žaislu.	He is very proud of his toy.	žaislu	4	žaislas	Ncmsin-	1mascIAS
Jìs žùvo kãrio mirtimì kovojè ùž demokrãtiją.	Jis žuvo kario mirtimi kovoje už demokratiją.	He died a soldier's death in the battle in the cause of democracy.	mirtimi	3	mirtis	Ncfsin-	3fem
Kadà bùs kità ekskùrsija sù gidù?	Kada bus kita ekskursija su gidu?	When is the next guided tour?	gidu	5	gidas	Ncmsin-	1mascIAS
Kiekvíenas tùri būtì sàvo likìmo kálviu.	Kiekvienas turi būti savo likimo kalviu.	Everyone ought to be a master of his own destiny.	kalviu	5	kalvis	Ncmsin-	1mascIS
Nežaĩskite sù ugnimì.	Nežaiskite su ugnimi.	Don't play with fire.	ugnimi	2	ugnis	Ncfsin-	3fem
Põ jõs automobiliù slẽpiasi dù katinaĩ.	Po jos automobiliu slepiasi du katinai.	There are two cats hiding under her car.	automobiliu	2	automobilis	Ncmsin-	1mascIS
Tòmas protestãvo priẽš taĩ, kàd sù juõ bùvo el̃giamasi kaĩp sù vaikù.	Tomas protestavo prieš tai, kad su juo buvo elgiamasi kaip su vaiku.	Tom objected to being treated like a child.	su	11	vaikas	Ncmsin-	1mascIAS
Visì žmónės gìmsta laisvì ir̃ lýgūs sàvo orumù ir̃ téisėmis. Jíems sùteiktas prõtas ir̃ są́žinė ir̃ jiẽ tùri el̃gtis víenas kìto ãtžvilgiu kaĩp bróliai.	Visi žmonės gimsta laisvi ir lygūs savo orumu ir teisėmis. Jiems suteiktas protas ir sąžinė ir jie turi elgtis vienas kito atžvilgiu kaip broliai.	All human beings are born free and equal in dignity and rights. They are endowed with reason and conscience and should act towards one another in a spirit of brotherhood.	orumu	7	orumas	Ncmsin-	1mascIAS
Visì žmónės gìmsta laisvì ir̃ lýgūs sàvo orumù ir̃ téisėmis. Jíems sùteiktas prõtas ir̃ są́žinė ir̃ jiẽ tùri el̃gtis víenas kìto ãtžvilgiu kaĩp bróliai.	Visi žmonės gimsta laisvi ir lygūs savo orumu ir teisėmis. Jiems suteiktas protas ir sąžinė ir jie turi elgtis vienas kito atžvilgiu kaip broliai.	All human beings are born free and equal in dignity and rights. They are endowed with reason and conscience and should act towards one another in a spirit of brotherhood.	atžvilgiu	22	atžvilgis	Ncmsin-	1mascIS
Ar̃ nusìprausei põ dušù?	Ar nusiprausei po dušu?	Have you showered?	dušu	3	dušas	Ncmsin-	1mascIAS
Blondìnė kal̃ba sù sàvo psichiatrù.	Blondinė kalba su savo psichiatru.	A blonde is speaking to her psychiatrist.	psichiatru	4	psichiatras	Ncmsin-	1mascIAS
Išsipláuk rankàs muilù.	Išsiplauk rankas muilu.	Wash your hands with soap.	muilu	2	muilas	Ncmsin-	1mascIAS
Kàs tìk gãli pakryptì blõga linkmè taĩp ir̃ pakrỹps.	Kas tik gali pakrypti bloga linkme taip ir pakryps.	Whatever can go wrong will go wrong.	linkme	5	linkmė	Ncfsin-	2femĖ
Pažiūrė́k į̃ tą̃ kálną pàdengtą sniegù.	Pažiūrėk į tą kalną padengtą sniegu.	Look at that mountain which is covered with snow.	sniegu	5	sniegas	Ncmsin-	1mascIAS
Priẽ màno bãto pãdo prilìpo kram̃tomoji gumà.	Prie mano bato pado prilipo kramtomoji guma.	Gum got stuck to the bottom of my shoe.	guma	6	guma	Ncfsin-	2femIA
Vãkar susipykaũ sù sàvo vyresniù bróliu.	Vakar susipykau su savo vyresniu broliu.	I quarrelled with my older brother yesterday.	broliu	5	brolis	Ncmsin-	1mascIS
Ar̃ galiù naudótis tàvo žodýnu?	Ar galiu naudotis tavo žodynu?	Can I use your dictionary?	žodynu	4	žodynas	Ncmsin-	1mascIAS
Ar̃ galiù pasinaudóti tàvo žodýnu?	Ar galiu pasinaudoti tavo žodynu?	Can I use your dictionary?	žodynu	4	žodynas	Ncmsin-	1mascIAS
Àš buvaũ liùdytoja.	Aš buvau liudytoja.	I was a witness.	liudytoja	2	liudytoja	Ncfsin-	2femIA
Àš susidraugavaũ sù mókiniu ìš ùžsienio.	Aš susidraugavau su mokiniu iš užsienio.	I made friends with a student from abroad.	mokiniu	3	mokinys	Ncmsin-	1mascIS
Àš susidraugavaũ sù studentù ìš ùžsienio.	Aš susidraugavau su studentu iš užsienio.	I made friends with a student from abroad.	studentu	3	studentas	Ncmsin-	1mascIAS
Gãli naudótis màno žodýnu.	Gali naudotis mano žodynu.	You can use my dictionary.	žodynu	3	žodynas	Ncmsin-	1mascIAS
Jìs tãpo pianistù.	Jis tapo pianistu.	He became a pianist.	pianistu	2	pianistas	Ncmsin-	1mascIAS
Kažkàs ỹra nè taĩp sù šiuõ jogùrtu.	Kažkas yra ne taip su šiuo jogurtu.	There's something wrong with this yoghurt.	jogurtu	6	jogurtas	Ncmsin-	1mascIAS
Mẽs ją̃ išriñkome sàvo komándos kapitonè.	Mes ją išrinkome savo komandos kapitone.	We elected her captain of our team.	kapitone	5	kapitonė	Ncfsin-	2femĖ
Mẽs tùrime išmoktì gyvénti harmònijoje sù gamtà.	Mes turime išmokti gyventi harmonijoje su gamta.	We must learn to live in harmony with nature.	gamta	6	gamta	Ncfsin-	2femIA
Žaidžiù žaidìmą sù sàvo sẽseria.	Žaidžiu žaidimą su savo seseria.	I play a game with my sister.	seseria	4	sesuo	Ncfsin-	5fem
Àš radaũ knỹgą sù raudónu viršeliù ir̃ nuspréndžiau ją̃ pasiskõlinti.	Aš radau knygą su raudonu viršeliu ir nusprendžiau ją pasiskolinti.	I found a book with a red cover and decided to borrow it.	viršeliu	5	viršelis	Ncmsin-	1mascIS
Jéi tìki, kàd visúomenė nesukū́rė niẽko vertìngo, taĩ gãlima teigtì, kàd tìki ir̃ mãsiniu sunaikìnimu.	Jei tiki, kad visuomenė nesukūrė nieko vertingo, tai galima teigti, kad tiki ir masiniu sunaikinimu.	If you believe society hasn't made anything worthwhile, then you might believe also in mass destruction.	sunaikinimu	17	sunaikinimas	Ncmsin-	1mascIAS
Kažkàs grója fortepijonù.	Kažkas groja fortepijonu.	Somebody is playing the piano.	fortepijonu	2	fortepijonas	Ncmsin-	1mascIAS
Mẽs galiáusiai susitáikėme sù sàvo likimù.	Mes galiausiai susitaikėme su savo likimu.	We eventually came to terms with our fate.	likimu	5	likimas	Ncmsin-	1mascIAS
Niekadà nemaitìnkite sàvo katė̃s šunų̃ maistù.	Niekada nemaitinkite savo katės šunų maistu.	Never feed dog food to your cat.	maistu	5	maistas	Ncmsin-	1mascIAS
Parỹžius vadìnamas žiburių̃ miestù. Daũg gražių̃ pastatų̃ nãktį ỹra apšviestì.	Paryžius vadinamas žiburių miestu. Daug gražių pastatų naktį yra apšviesti.	Paris is called the City of Lights. Many beautiful buildings are lit at night.	miestu	3	miestas	Ncmsin-	1mascIAS
Šiõ metòdo veiksmingùmas bùvo patvìrtintas daũgelio žmonių̃ patirtimì.	Šio metodo veiksmingumas buvo patvirtintas daugelio žmonių patirtimi.	The effectiveness of this method was confirmed by many people's experiences.	patirtimi	7	patirtis	Ncfsin-	3fem
Ateityjè àš norė́čiau taptì televìzijos dìktoriumi.	Ateityje aš norėčiau tapti televizijos diktoriumi.	I want to become a TV announcer in the future.	diktoriumi	5	diktorius	Ncmsin-	4masc
Arbatà per̃ stìpri. Atskíesk ją̃ vandeniù.	Arbata per stipri. Atskiesk ją vandeniu.	The tea is too strong. Add some water.	vandeniu	6	vanduo	Ncmsin-	5masc
Àš norė́jau taptì filosofù.	Aš norėjau tapti filosofu.	I wanted to become a philosopher.	filosofu	3	filosofas	Ncmsin-	1mascIAS
Gaĩsro ãtveju, išdaũžkite stìklą ir̃ nuspáuskite raudóną mygtùką.	Gaisro atveju, išdaužkite stiklą ir nuspauskite raudoną mygtuką.	In case of fire, break the glass and push the red button.	atveju	1	atvejis	Ncmsin-	1mascIS
Gãlime pasikliáuti jõ finánsine paramà.	Galime pasikliauti jo finansine parama.	We can count on him for financial help.	parama	4	parama	Ncfsin-	2femIA
Jì įdárbino jį̃ programúotoju.	Ji įdarbino jį programuotoju.	She employed him as a programmer.	programuotoju	3	programuotojas	Ncmsin-	1mascIAS
Jì tãpo įžymià daĩlininke.	Ji tapo įžymia dailininke.	She became a famous painter.	dailininke	3	dailininkė	Ncfsin-	2femĖ
Kadáise àš norė́jau taptì astrofìziku.	Kadaise aš norėjau tapti astrofiziku.	I once wanted to be an astrophysicist.	astrofiziku	4	astrofizikas	Ncmsin-	1mascIAS
Malonù susipažìnti. Esù skruzdė́da.	Malonu susipažinti. Esu skruzdėda.	Pleased to meet you. I am an anteater.	skruzdėda	4	skruzdėda	Ncfsin-	2femIA
