Kuõ daugiaũ žmónės tùri, tuõ daugiaũ jiẽ nóri.	Kuo daugiau žmonės turi, tuo daugiau jie nori.	The more people have, the more they want.	žmonės	2	žmogus	Ncmpnn-	exception
Kuõ daugiaũ žmónės tùri, tuõ daugiaũ jiẽ nóri.	Kuo daugiau žmonės turi, tuo daugiau jie nori.	The more people have, the more they want.	žmonės	2	žmogus	Ncmpnn-	exception
Kaĩ kuriẽ ìš jų̃ ỹra màno draugaĩ.	Kai kurie iš jų yra mano draugai.	Some of them are my friends.	mano	5	draugas	Ncmpnn-	1mascIAS
Vìsą gyvẽnimą výrai ỹra vaikaĩ.	Visą gyvenimą vyrai yra vaikai.	Men are children their whole life.	vyrai	2	vyras	Ncmpnn-	1mascIAS
Vìsą gyvẽnimą výrai ỹra vaikaĩ.	Visą gyvenimą vyrai yra vaikai.	Men are children their whole life.	vaikai	4	vaikas	Ncmpnn-	1mascIAS
Mẽs abù ẽsame draugaĩ.	Mes abu esame draugai.	We both are friends.	draugai	3	draugas	Ncmpnn-	1mascIAS
Vaikìnai, mán reĩkia eitì.	Vaikinai, man reikia eiti.	Guys, I gotta go.	Vaikinai	0	vaikinas	Ncmpnn-	1mascIAS
Výrai turė́tų dirbtì.	Vyrai turėtų dirbti.	Men should work.	Vyrai	0	vyras	Ncmpnn-	1mascIAS
Žmónės turė́tų dirbtì.	Žmonės turėtų dirbti.	People ought to work.	Žmonės	0	žmogus	Ncmpnn-	exception
Pàs manè baĩgėsi pinigaĩ.	Pas mane baigėsi pinigai.	I have run out of money.	pinigai	3	pinigas	Ncmpnn-	1mascIAS
Výrai niẽko nežìno apiẽ móteris.	Vyrai nieko nežino apie moteris.	Men know nothing about women.	Vyrai	0	vyras	Ncmpnn-	1mascIAS
Màno namaĩ ỹra tàvo namaĩ.	Mano namai yra tavo namai.	My home is your home.	namai	1	namai	Ncmpnn-	1mascIAS
Màno namaĩ ỹra tàvo namaĩ.	Mano namai yra tavo namai.	My home is your home.	namai	4	namai	Ncmpnn-	1mascIAS
Màno tėvaĩ ỹra sveikì.	Mano tėvai yra sveiki.	My parents are healthy.	tėvai	1	tėvai	Ncmpnn-	1mascIAS
Šiẽ namaĩ nėrà màno.	Šie namai nėra mano.	This house is not mine.	namai	1	namai	Ncmpnn-	1mascIAS
Taĩ ỹra màno tė́vo namaĩ.	Tai yra mano tėvo namai.	It is my father's house.	namai	4	namai	Ncmpnn-	1mascIAS
Mẽs ẽsame gerì draugaĩ.	Mes esame geri draugai.	We are good friends.	draugai	3	draugas	Ncmpnn-	1mascIAS
Vieniñtelis dalỹkas, kurìs jám rū̃pi, ỹra pinigaĩ.	Vienintelis dalykas, kuris jam rūpi, yra pinigai.	The only thing he cares about is money.	pinigai	8	pinigas	Ncmpnn-	1mascIAS
Ar̃ vaikaĩ eĩna į̃ mokỹklą?	Ar vaikai eina į mokyklą?	Do the children go to school?	vaikai	1	vaikas	Ncmpnn-	1mascIAS
Namaĩ stõvi artì víenas priẽ kìto.	Namai stovi arti vienas prie kito.	The houses stand near to each other.	Namai	0	namai	Ncmpnn-	1mascIAS
Gerì dalỹkai ateĩna pàs tuõs kuriẽ láukia.	Geri dalykai ateina pas tuos kurie laukia.	Good things come to those who wait.	dalykai	1	dalykas	Ncmpnn-	1mascIAS
Mán patiñka móterys.	Man patinka moterys.	I like women.	moterys	2	moteris	Ncfpnn-	3fem
Àš niekadà neturė́jau mergìnos.	Aš niekada neturėjau merginos.	I've never even had a girlfriend.	merginos	3	mergina	Ncfpnn-	2femIA
Kaĩ kuriẽ žmónės màno, kàd taĩ ỹra blõga idė́ja.	Kai kurie žmonės mano, kad tai yra bloga idėja.	Some people think it's a bad idea.	kurie	1	žmogus	Ncmpnn-	exception
Kaĩ kuriẽ žmónės per̃ daũg kal̃ba ir̃ per̃ mažaĩ dãro.	Kai kurie žmonės per daug kalba ir per mažai daro.	Some people talk too much and do too little.	kurie	1	žmogus	Ncmpnn-	exception
Palìk tą̃ teñ kur̃ rãdai.	Palik tą ten kur radai.	Leave it where you found it.	radai	4	radas	Ncmpnn-	1mascIAS
Ar̃ mãnai, kàd Tòmas pasìkeitė?	Ar manai, kad Tomas pasikeitė?	Do you think Tom has changed?	manai	1	manai	Ncmpnn-	1mascIAS
Vaikaĩ miẽga.	Vaikai miega.	The kids are asleep.	Vaikai	0	vaikas	Ncmpnn-	1mascIAS
Žmónės mė́gsta kalbė́ti.	Žmonės mėgsta kalbėti.	People love to talk.	Žmonės	0	žmogus	Ncmpnn-	exception
Abù bróliai ỹra vìs dár gývi.	Abu broliai yra vis dar gyvi.	Both brothers are still alive.	broliai	1	brolis	Ncmpnn-	1mascIS
Mán visái nepatiñka màno plaukaĩ.	Man visai nepatinka mano plaukai.	I don't like my hair at all.	plaukai	4	plaukas	Ncmpnn-	1mascIAS
Kaĩ kuriẽ žmónės tìki Dievù, õ kitì nè.	Kai kurie žmonės tiki Dievu, o kiti ne.	Some people believe in God and others don't.	kurie	1	žmogus	Ncmpnn-	exception
Knỹgos ỹra màno geriáusi draugaĩ.	Knygos yra mano geriausi draugai.	Books are my best friends.	draugai	4	draugas	Ncmpnn-	1mascIAS
Mẽs bùvome geriáusi draugaĩ.	Mes buvome geriausi draugai.	We used to be best friends.	draugai	3	draugas	Ncmpnn-	1mascIAS
Šiẽ daiktaĩ nėrà màno!	Šie daiktai nėra mano!	These things aren't mine!	daiktai	1	daiktas	Ncmpnn-	1mascIAS
Màno tėvaĩ léido mán teñ eitì.	Mano tėvai leido man ten eiti.	My parents let me go there.	tėvai	1	tėvai	Ncmpnn-	1mascIAS
Tàvo tėvaĩ ilgaĩ tavę̃s nemãtė.	Tavo tėvai ilgai tavęs nematė.	Your parents haven't seen you for a long time.	tėvai	1	tėvai	Ncmpnn-	1mascIAS
Kókios spal̃vos ỹra tàvo plaukaĩ?	Kokios spalvos yra tavo plaukai?	What color is your hair?	plaukai	4	plaukas	Ncmpnn-	1mascIAS
Mergáitės laimė́jo.	Mergaitės laimėjo.	The girls won.	Mergaitės	0	mergaitė	Ncfpnn-	2femĖ
Neturė́tum sakýti tókio dalỹko kaĩ vaikaĩ ỹra šalià.	Neturėtum sakyti tokio dalyko kai vaikai yra šalia.	You shouldn't say that kind of thing when children are around.	vaikai	5	vaikas	Ncmpnn-	1mascIAS
Pinigaĩ pàkeitė jõ gyvẽnimą.	Pinigai pakeitė jo gyvenimą.	Money has changed his life.	Pinigai	0	pinigas	Ncmpnn-	1mascIAS
Šiõs núotraukos tikraĩ ỹra labaĩ grãžios.	Šios nuotraukos tikrai yra labai gražios.	These pictures are really very beautiful.	nuotraukos	1	nuotrauka	Ncfpnn-	2femIA
Bevéik visì šùnys ỹra gývi.	Beveik visi šunys yra gyvi.	Almost all of the dogs are alive.	šunys	2	šuo	Ncmpnn-	exception
Lìkite sù manimì, põnios ir̃ põnai.	Likite su manimi, ponios ir ponai.	Stay with me, ladies and gentlemen.	ponai	6	ponas	Ncmpnn-	1mascIAS
Mán labaĩ patiñka šùnys.	Man labai patinka šunys.	I like dogs very much.	šunys	3	šuo	Ncmpnn-	exception
Pinigaĩ negãli nupirktì draugų̃.	Pinigai negali nupirkti draugų.	Money can't buy friends.	Pinigai	0	pinigas	Ncmpnn-	1mascIAS
Šiẽ šùnys ỹra didelì.	Šie šunys yra dideli.	These dogs are big.	šunys	1	šuo	Ncmpnn-	exception
Šùnys mòka plauktì.	Šunys moka plaukti.	Dogs can swim.	Šunys	0	šuo	Ncmpnn-	exception
Vaikaĩ, klausýkite!	Vaikai, klausykite!	Children, listen!	Vaikai	0	vaikas	Ncmpnn-	1mascIAS
Visì šùnys ỹra gývi.	Visi šunys yra gyvi.	All the dogs are alive.	šunys	1	šuo	Ncmpnn-	exception
Kuriẽ bãtai táu patiñka?	Kurie batai tau patinka?	Which shoes do you like?	batai	1	batas	Ncmpnn-	1mascIAS
Màno draugaĩ ỹra nuostãbūs.	Mano draugai yra nuostabūs.	My friends are amazing.	draugai	1	draugas	Ncmpnn-	1mascIAS
Màno vaikaĩ bùvo ìš manę̃s atimtì.	Mano vaikai buvo iš manęs atimti.	My children were taken away from me.	vaikai	1	vaikas	Ncmpnn-	1mascIAS
Šiẽ bãtai ỹra per̃ mažì.	Šie batai yra per maži.	These shoes are too small.	batai	1	batas	Ncmpnn-	1mascIAS
Šiẽ bãtai ỹra sẽni, bèt àš vìs dár juõs mė́gstu.	Šie batai yra seni, bet aš vis dar juos mėgstu.	These shoes are old, but I still like them.	batai	1	batas	Ncmpnn-	1mascIAS
Bèt gál vaikìnai jų̃ nemė́gsta.	Bet gal vaikinai jų nemėgsta.	But maybe guys don't like them.	vaikinai	2	vaikinas	Ncmpnn-	1mascIAS
Gėlė̃s mìršta jéi jõs netùri vandeñs.	Gėlės miršta jei jos neturi vandens.	Flowers die if they don't have water.	Gėlės	0	gėlė	Ncfpnn-	2femĖ
Kur̃ ỹra jū́sų rãktai?	Kur yra jūsų raktai?	Where are your keys?	raktai	3	raktas	Ncmpnn-	1mascIAS
Tiẽ žmónės mùms niẽko apiẽ tavè nepasãkė.	Tie žmonės mums nieko apie tave nepasakė.	Those people didn't tell us anything about you.	žmonės	1	žmogus	Ncmpnn-	exception
Jõ drabùžiai visadà negeraĩ kvẽpia.	Jo drabužiai visada negerai kvepia.	His clothes always smell bad.	drabužiai	1	drabužis	Ncmpnn-	1mascIS
Jū̃s ẽsate jõs dùkros.	Jūs esate jos dukros.	You are her daughters.	dukros	3	dukra	Ncfpnn-	2femIA
Kareĩviai bùvo pasiruõšę mirtì ùž sàvo šãlį.	Kareiviai buvo pasiruošę mirti už savo šalį.	The soldiers were ready to die for their country.	Kareiviai	0	kareivis	Ncmpnn-	1mascIS
Mergáitės sėdė́jo vienà priẽ kitõs.	Mergaitės sėdėjo viena prie kitos.	The girls were sitting side by side.	Mergaitės	0	mergaitė	Ncfpnn-	2femĖ
Šiẽ drabùžiai táu tiñka.	Šie drabužiai tau tinka.	These clothes suit you.	drabužiai	1	drabužis	Ncmpnn-	1mascIS
Šiẽ var̃tai ỹra uždarýti visùs metùs.	Šie vartai yra uždaryti visus metus.	The gate is closed all the year round.	vartai	1	vartai	Ncmpnn-	1mascIAS
Ỹra rýtas. Vaikaĩ válgo pùsryčius.	Yra rytas. Vaikai valgo pusryčius.	It is morning. The children are eating breakfast.	Vaikai	3	vaikas	Ncmpnn-	1mascIAS
Bevéik visì studeñtai mė́gsta ánglų kal̃bą.	Beveik visi studentai mėgsta anglų kalbą.	Almost all the students like English.	studentai	2	studentas	Ncmpnn-	1mascIAS
Jū̃s ẽsate idiòtai.	Jūs esate idiotai.	You are morons.	idiotai	2	idiotas	Ncmpnn-	1mascIAS
Mẽs ẽsame studeñtai.	Mes esame studentai.	We are students.	studentai	2	studentas	Ncmpnn-	1mascIAS
Nè visì žmónės mė́gsta šunìs.	Ne visi žmonės mėgsta šunis.	Not all people like dogs.	žmonės	2	žmogus	Ncmpnn-	exception
Paũkščiai skreñda.	Paukščiai skrenda.	Birds fly.	Paukščiai	0	paukštis	Ncmpnn-	1mascIS
Pinigaĩ šnẽka.	Pinigai šneka.	Money talks.	Pinigai	0	pinigas	Ncmpnn-	1mascIAS
Táu reĩkia kantrýbės, Tòmai.	Tau reikia kantrybės, Tomai.	You need patience, Tom.	Tomai	4	tomas	Ncmpnn-	1mascIAS
Ar̃ pùsryčiai paruoštì?	Ar pusryčiai paruošti?	Is breakfast ready?	pusryčiai	1	pusrytis	Ncmpnn-	1mascIS
Dár niekadà nebuvaũ įsimylė́jęs jokiõs mergìnos.	Dar niekada nebuvau įsimylėjęs jokios merginos.	I have never fallen in love with any girl.	merginos	5	mergina	Ncfpnn-	2femIA
Gyvū̃nai bìjo ugniẽs.	Gyvūnai bijo ugnies.	Animals are afraid of fire.	Gyvūnai	0	gyvūnas	Ncmpnn-	1mascIAS
Mán nepatiñka žmónės kuriẽ lengvaĩ įpỹksta.	Man nepatinka žmonės kurie lengvai įpyksta.	I don't like people who get angry easily.	žmonės	2	žmogus	Ncmpnn-	exception
Màno dañtys ỹra vìsiškai sveikì ir̃ bè jokių̃ problèmų.	Mano dantys yra visiškai sveiki ir be jokių problemų.	My teeth are totally healthy and free of problems.	dantys	1	dantis	Ncmpnn-	3masc
Móterys keĩčia pasáulį.	Moterys keičia pasaulį.	Women change the world.	Moterys	0	moteris	Ncfpnn-	3fem
Rugsė́jo mė́nesį bùs lýgiai mẽtai, kaĩp àš ją̃ pažį́stu.	Rugsėjo mėnesį bus lygiai metai, kaip aš ją pažįstu.	By September I will have known her for a whole year.	metai	4	metai	Ncmpnn-	1mascIAS
Tikrì výrai gẽria arbãtą.	Tikri vyrai geria arbatą.	Real men drink tea.	vyrai	1	vyras	Ncmpnn-	1mascIAS
Jõ pinigaĩ ỹra bánke.	Jo pinigai yra banke.	His money is in the bank.	pinigai	1	pinigas	Ncmpnn-	1mascIAS
Põnios ir̃ põnai, prãšome atsisė́sti.	Ponios ir ponai, prašome atsisėsti.	Ladies and gentlemen, please sit down.	ponai	2	ponas	Ncmpnn-	1mascIAS
Žmónės kal̃basi.	Žmonės kalbasi.	People are talking.	Žmonės	0	žmogus	Ncmpnn-	exception
Marškiniaĩ, kuriuõs daveĩ, mán puĩkiai tiñka.	Marškiniai, kuriuos davei, man puikiai tinka.	The shirt you gave me fit perfectly.	Marškiniai	0	marškiniai	Ncmpnn-	1mascIAS
Móterys įprastaĩ gyvẽna ilgiaũ neĩ výrai.	Moterys įprastai gyvena ilgiau nei vyrai.	Women tend to live longer than men.	Moterys	0	moteris	Ncfpnn-	3fem
Móterys įprastaĩ gyvẽna ilgiaũ neĩ výrai.	Moterys įprastai gyvena ilgiau nei vyrai.	Women tend to live longer than men.	vyrai	5	vyras	Ncmpnn-	1mascIAS
Šiẽ marškiniaĩ ỹra tokiẽ pãtys. Jiẽ ỹra tõs pačiõs spalvõs.	Šie marškiniai yra tokie patys. Jie yra tos pačios spalvos.	These shirts are the same. They are the same colour.	marškiniai	1	marškiniai	Ncmpnn-	1mascIAS
Tàvo duotì marškiniaĩ mán puĩkiai tiñka.	Tavo duoti marškiniai man puikiai tinka.	The shirt you gave me fit perfectly.	marškiniai	2	marškiniai	Ncmpnn-	1mascIAS
Velniaĩ slẽpiasi tar̃p akmenų̃,	Velniai slepiasi tarp akmenų,	Devils are hiding among the rocks.	Velniai	0	velnias	Ncmpnn-	1mascIAS
Bevéik visì berniùkai mòka žaistì beĩsbolą.	Beveik visi berniukai moka žaisti beisbolą.	Almost all boys can play baseball.	berniukai	2	berniukas	Ncmpnn-	1mascIAS
Bevéik visì mokiniaĩ mė́gsta ánglų kal̃bą.	Beveik visi mokiniai mėgsta anglų kalbą.	Almost all the students like English.	mokiniai	2	mokinys	Ncmpnn-	1mascIS
Jõs mokiniaĩ per̃ daũg mókosi.	Jos mokiniai per daug mokosi.	Her students study too much.	mokiniai	1	mokinys	Ncmpnn-	1mascIS
Kaĩ kuriẽ žmónės mė́gsta beĩsbolą, kaĩ kuriẽ fùtbolą.	Kai kurie žmonės mėgsta beisbolą, kai kurie futbolą.	Some people like baseball, others like soccer.	kurie	1	žmogus	Ncmpnn-	exception
Kodė̃l tàvo mokiniaĩ nemóka taĩp geraĩ skaitýti?	Kodėl tavo mokiniai nemoka taip gerai skaityti?	Why don't your students read that well?	mokiniai	2	mokinys	Ncmpnn-	1mascIS
Kõ norė́tumėte užsisakýti, põnai?	Ko norėtumėte užsisakyti, ponai?	What do you wish to order, gentlemen?	ponai	4	ponas	Ncmpnn-	1mascIAS
Màno mokiniaĩ mókosi vairúoti.	Mano mokiniai mokosi vairuoti.	My students are learning to drive.	mokiniai	1	mokinys	Ncmpnn-	1mascIS
Màno mokiniaĩ visadà mókosi.	Mano mokiniai visada mokosi.	My students are always studying.	mokiniai	1	mokinys	Ncmpnn-	1mascIS
Mokiniaĩ mókosi mokỹkloje.	Mokiniai mokosi mokykloje.	Students study in school.	Mokiniai	0	mokinys	Ncmpnn-	1mascIS
Mokiniaĩ nenorė́jo niẽko sakýti sàvo tėváms.	Mokiniai nenorėjo nieko sakyti savo tėvams.	The students didn't want to tell anything to their parents.	Mokiniai	0	mokinys	Ncmpnn-	1mascIS
Mokiniaĩ šiañdien netùri eitì į̃ mokỹklą.	Mokiniai šiandien neturi eiti į mokyklą.	The students don't have to go to school today.	Mokiniai	0	mokinys	Ncmpnn-	1mascIS
Pinigaĩ pradiñgo.	Pinigai pradingo.	The money disappeared.	Pinigai	0	pinigas	Ncmpnn-	1mascIAS
Põ tõ jaũ prabė́go visì mẽtai.	Po to jau prabėgo visi metai.	A year has passed since then.	metai	5	metai	Ncmpnn-	1mascIAS
Tàvo mokiniaĩ manę̃s nemė́gsta.	Tavo mokiniai manęs nemėgsta.	Your students don't like me.	mokiniai	1	mokinys	Ncmpnn-	1mascIS
Tiẽ mokiniaĩ tikraĩ nemóka skaitýti.	Tie mokiniai tikrai nemoka skaityti.	Those students really can't read.	mokiniai	1	mokinys	Ncmpnn-	1mascIS
Tiẽ mokiniaĩ ỹra ìš labaĩ gẽros mokỹklos.	Tie mokiniai yra iš labai geros mokyklos.	Those students are from a very good school.	mokiniai	1	mokinys	Ncmpnn-	1mascIS
Visì jõs mokiniaĩ labaĩ mė́gsta skaitýti knygàs.	Visi jos mokiniai labai mėgsta skaityti knygas.	All her students really love to read books.	mokiniai	2	mokinys	Ncmpnn-	1mascIS
Žmónės žaĩdžia beĩsbolą.	Žmonės žaidžia beisbolą.	The people are playing baseball.	Žmonės	0	žmogus	Ncmpnn-	exception
Ar̃ tù nežinaĩ kur̃ màno sẽni akiniaĩ?	Ar tu nežinai kur mano seni akiniai?	Do you know where my old glasses are?	akiniai	6	akiniai	Ncmpnn-	1mascIAS
Ãšaros ỹra vaĩko giñklas.	Ašaros yra vaiko ginklas.	Tears are a child's weapon.	Ašaros	0	ašara	Ncfpnn-	2femIA
Bèt jái patìko vaikaĩ ir̃ jì mė́go sàvo dárbą.	Bet jai patiko vaikai ir ji mėgo savo darbą.	But she liked children and she enjoyed her work.	vaikai	3	vaikas	Ncmpnn-	1mascIAS
Dù vaikaĩ sė́di añt tvorõs viršaũs.	Du vaikai sėdi ant tvoros viršaus.	Two children are sitting on top of the fence.	vaikai	1	vaikas	Ncmpnn-	1mascIAS
Jaũ bevéik septýnios vãlandos. Tùrime eitì į̃ mokỹklą.	Jau beveik septynios valandos. Turime eiti į mokyklą.	It is close to seven o'clock. We have to go to school.	valandos	3	valanda	Ncfpnn-	2femIA
Kãtės ỹra labaĩ švãrūs gyvū̃nai.	Katės yra labai švarūs gyvūnai.	Cats are very clean animals.	gyvūnai	4	gyvūnas	Ncmpnn-	1mascIAS
Kokiẽ tù mãnai ỹra šánsai kàd taĩ atsitìks?	Kokie tu manai yra šansai kad tai atsitiks?	What do you think is the chance that that will happen?	šansai	4	šansas	Ncmpnn-	1mascIAS
Màno bãtai ỹra rùdi.	Mano batai yra rudi.	My shoes are brown.	batai	1	batas	Ncmpnn-	1mascIAS
Mẽtai praeĩna greĩtai.	Metai praeina greitai.	The years pass by quickly.	Metai	0	metai	Ncmpnn-	1mascIAS
Nè visì mókytojai taĩp el̃giasi.	Ne visi mokytojai taip elgiasi.	Not all teachers behave like that.	mokytojai	2	mokytojas	Ncmpnn-	1mascIAS
Paũkščiai bùvo alkanì.	Paukščiai buvo alkani.	The birds were hungry.	Paukščiai	0	paukštis	Ncmpnn-	1mascIS
Šiẽ marškiniaĩ ỹra tokiẽ pãtys. Jiẽ ỹra tõ pãčio dỹdžio.	Šie marškiniai yra tokie patys. Jie yra to pačio dydžio.	These shirts are the same. They are the same size.	marškiniai	1	marškiniai	Ncmpnn-	1mascIAS
Šiẽ sáulės akiniaĩ ỹra per̃ didelì.	Šie saulės akiniai yra per dideli.	These sunglasses are too big.	akiniai	2	akiniai	Ncmpnn-	1mascIAS
Tàvo akiniaĩ nukrìto añt grindų̃.	Tavo akiniai nukrito ant grindų.	Your glasses fell on the floor.	akiniai	1	akiniai	Ncmpnn-	1mascIAS
Ar̃ mãnai kàd turė́čiau pasakýti Tòmui?	Ar manai kad turėčiau pasakyti Tomui?	Do you think I should tell Tom?	manai	1	manai	Ncmpnn-	1mascIAS
Atsirãdo dū́mai.	Atsirado dūmai.	Smoke appeared.	dūmai	1	dūmas	Ncmpnn-	1mascIAS
Kàs ỹra tàvo pãtys įdomiáusi draugaĩ?	Kas yra tavo patys įdomiausi draugai?	Who are your most interesting friends?	draugai	5	draugas	Ncmpnn-	1mascIAS
Kelì žmónės atė̃jo į̃ pãskaitą.	Keli žmonės atėjo į paskaitą.	A few people came to the lecture.	žmonės	1	žmogus	Ncmpnn-	exception
Kodė̃l tiẽ žmónės lìpa añt stógo?	Kodėl tie žmonės lipa ant stogo?	Why are those people climbing up on the roof?	žmonės	2	žmogus	Ncmpnn-	exception
Mẽs ẽsame krepšìnio žaidė́jai.	Mes esame krepšinio žaidėjai.	We are basketball players.	žaidėjai	3	žaidėjas	Ncmpnn-	1mascIAS
Nè visì daktaraĩ daũg uždìrba.	Ne visi daktarai daug uždirba.	Not all doctors make a lot of money.	daktarai	2	daktaras	Ncmpnn-	1mascIAS
Pàs Tòmą baĩgėsi pinigaĩ.	Pas Tomą baigėsi pinigai.	Tom ran out of money.	pinigai	3	pinigas	Ncmpnn-	1mascIAS
Sãko kàd prancū̃zai mė́gsta mẽną.	Sako kad prancūzai mėgsta meną.	The French are said to love art.	prancūzai	2	prancūzas	Ncmpnn-	1mascIAS
Japònai ỹra drąsì tautà.	Japonai yra drąsi tauta.	The Japanese are a brave people.	Japonai	0	japonas	Ncmpnn-	1mascIAS
Kárvės ė́da žõlę.	Karvės ėda žolę.	Cows eat grass.	Karvės	0	karvė	Ncfpnn-	2femĖ
Mokiniaĩ skùba į̃ mokỹklą.	Mokiniai skuba į mokyklą.	Students are hurrying to school.	Mokiniai	0	mokinys	Ncmpnn-	1mascIS
Mókslininkai paáiškina tą̃ kitaĩp.	Mokslininkai paaiškina tą kitaip.	Scientists interpret it differently.	Mokslininkai	0	mokslininkas	Ncmpnn-	1mascIAS
Nètgi šìtie žõdžiai kadà nórs išnỹks.	Netgi šitie žodžiai kada nors išnyks.	Even these words will someday disappear.	žodžiai	2	žodis	Ncmpnn-	1mascIS
Paũkščiai išskrìdo į̃ pietùs.	Paukščiai išskrido į pietus.	The birds flew to the south.	Paukščiai	0	paukštis	Ncmpnn-	1mascIS
Tòmas sugrióvė smė̃lio pìlį, kurį̃ pastãtė vaikaĩ.	Tomas sugriovė smėlio pilį, kurį pastatė vaikai.	Tom destroyed the children's sand castle.	vaikai	7	vaikas	Ncmpnn-	1mascIAS
Vir̃š mū́sų skraĩdo lėktùvai.	Virš mūsų skraido lėktuvai.	Airplanes fly above us.	lėktuvai	3	lėktuvas	Ncmpnn-	1mascIAS
Visì keliaĩ vẽda į̃ Ròmą.	Visi keliai veda į Romą.	All roads lead to Rome.	keliai	1	kelias	Ncmpnn-	1mascIAS
Žmónės, kuriẽ nemãno kàd lotỹnų kalbà ỹra patì gražiáusia, niẽko nesuprañta.	Žmonės, kurie nemano kad lotynų kalba yra pati gražiausia, nieko nesupranta.	People that don't think Latin is the most beautiful language understand nothing.	Žmonės	0	žmogus	Ncmpnn-	exception
Arkliaĩ ỹra gyvū̃nai.	Arkliai yra gyvūnai.	Horses are animals.	Arkliai	0	arklys	Ncmpnn-	1mascIS
Arkliaĩ ỹra gyvū̃nai.	Arkliai yra gyvūnai.	Horses are animals.	gyvūnai	2	gyvūnas	Ncmpnn-	1mascIAS
Jõ žõdžiai išsipìldė.	Jo žodžiai išsipildė.	His words have come true.	žodžiai	1	žodis	Ncmpnn-	1mascIS
Kárvės mùms dúoda píeną.	Karvės mums duoda pieną.	Cows give us milk.	Karvės	0	karvė	Ncfpnn-	2femĖ
Kójinės negeraĩ kvẽpia.	Kojinės negerai kvepia.	The socks smell bad.	Kojinės	0	kojinė	Ncfpnn-	2femĖ
Nè visì žmónės ỹra piktì velniaĩ.	Ne visi žmonės yra pikti velniai.	Not all people are evil devils.	žmonės	2	žmogus	Ncmpnn-	exception
Nè visì žmónės ỹra piktì velniaĩ.	Ne visi žmonės yra pikti velniai.	Not all people are evil devils.	velniai	5	velnias	Ncmpnn-	1mascIAS
Tàvo svajõnės išsipìldė.	Tavo svajonės išsipildė.	Your dreams have come true.	svajonės	1	svajonė	Ncfpnn-	2femĖ
Tėvaĩ tikė́josi per̃ daũg ìš sàvo sūnaũs.	Tėvai tikėjosi per daug iš savo sūnaus.	The parents expected too much of their son.	Tėvai	0	tėvai	Ncmpnn-	1mascIAS
Vaiduõkliai egzistúoja.	Vaiduokliai egzistuoja.	Ghosts exist.	Vaiduokliai	0	vaiduoklis	Ncmpnn-	1mascIS
Visì arkliaĩ ỹra gyvū̃nai, tačiaũ nè visì gyvū̃nai ỹra arkliaĩ.	Visi arkliai yra gyvūnai, tačiau ne visi gyvūnai yra arkliai.	All horses are animals, but not all animals are horses.	arkliai	1	arklys	Ncmpnn-	1mascIS
Visì arkliaĩ ỹra gyvū̃nai, tačiaũ nè visì gyvū̃nai ỹra arkliaĩ.	Visi arkliai yra gyvūnai, tačiau ne visi gyvūnai yra arkliai.	All horses are animals, but not all animals are horses.	gyvūnai	3	gyvūnas	Ncmpnn-	1mascIAS
Visì arkliaĩ ỹra gyvū̃nai, tačiaũ nè visì gyvū̃nai ỹra arkliaĩ.	Visi arkliai yra gyvūnai, tačiau ne visi gyvūnai yra arkliai.	All horses are animals, but not all animals are horses.	gyvūnai	8	gyvūnas	Ncmpnn-	1mascIAS
Visì arkliaĩ ỹra gyvū̃nai, tačiaũ nè visì gyvū̃nai ỹra arkliaĩ.	Visi arkliai yra gyvūnai, tačiau ne visi gyvūnai yra arkliai.	All horses are animals, but not all animals are horses.	arkliai	10	arklys	Ncmpnn-	1mascIS
Visì komitèto nariaĩ nekeñčia víenas kìto.	Visi komiteto nariai nekenčia vienas kito.	All the members of the committee hate one another.	nariai	2	narys	Ncmpnn-	1mascIS
Žmónės negyvẽna amžinaĩ.	Žmonės negyvena amžinai.	People don't live forever.	Žmonės	0	žmogus	Ncmpnn-	exception
Añt mamõs kilìmo miẽga trìs šùnys.	Ant mamos kilimo miega tris šunys.	There are three dogs sleeping on mum's carpet.	šunys	5	šuo	Ncmpnn-	exception
Mẽdžiai ỹra žalì.	Medžiai yra žali.	The trees are green.	Medžiai	0	medis	Ncmpnn-	1mascIS
Pẽlės mė́gsta sū́rį.	Pelės mėgsta sūrį.	Mice like cheese.	Pelės	0	pelė	Ncfpnn-	2femĖ
Põ dvejų̃ minùčių mū́sų automobìlyje baĩgėsi degalaĩ.	Po dvejų minučių mūsų automobilyje baigėsi degalai.	Our car ran out of gas after two minutes.	degalai	6	degalai	Ncmpnn-	1mascIAS
Šiẽ prodùktai ỹra tokiõs pačiõs kokýbės.	Šie produktai yra tokios pačios kokybės.	These products are of the same quality.	produktai	1	produktas	Ncmpnn-	1mascIAS
Vilkaĩ neválgo salõtų.	Vilkai nevalgo salotų.	Wolves don't eat salad.	Vilkai	0	vilkas	Ncmpnn-	1mascIAS
Visì atsãkymai tùri būtì parašýti pagal̃ instrùkcijas.	Visi atsakymai turi būti parašyti pagal instrukcijas.	All answers must be written according to the instructions.	atsakymai	1	atsakymas	Ncmpnn-	1mascIAS
Visì berniùkai pažiūrė́jo žemỹn.	Visi berniukai pažiūrėjo žemyn.	All the boys looked down.	berniukai	1	berniukas	Ncmpnn-	1mascIAS
Jõ tėvaĩ bùvo paténkinti jõ sėkmè.	Jo tėvai buvo patenkinti jo sėkme.	His parents were pleased with his success.	tėvai	1	tėvai	Ncmpnn-	1mascIAS
Jungtìnėse Valstìjose įstãtymai skìriasi tar̃p valstìjų.	Jungtinėse Valstijose įstatymai skiriasi tarp valstijų.	Laws differ from state to state in the United States.	įstatymai	2	įstatymas	Ncmpnn-	1mascIAS
Mokiniaĩ išbė́go prõ durìs.	Mokiniai išbėgo pro duris.	The students ran out through the door.	Mokiniai	0	mokinys	Ncmpnn-	1mascIS
Rykliaĩ ė́da žuvìs.	Rykliai ėda žuvis.	Sharks eat fish.	Rykliai	0	ryklys	Ncmpnn-	1mascIS
Àš nenóriu tavę̃s sužalóti, Tòmai.	Aš nenoriu tavęs sužaloti, Tomai.	I don't want to hurt you, Tom.	Tomai	5	tomas	Ncmpnn-	1mascIAS
Bendraĩ kal̃bant, móterys gyvẽna ilgiaũ neĩ výrai.	Bendrai kalbant, moterys gyvena ilgiau nei vyrai.	Generally speaking, women live longer than men.	moterys	3	moteris	Ncfpnn-	3fem
Bendraĩ kal̃bant, móterys gyvẽna ilgiaũ neĩ výrai.	Bendrai kalbant, moterys gyvena ilgiau nei vyrai.	Generally speaking, women live longer than men.	vyrai	7	vyras	Ncmpnn-	1mascIAS
Dùrys atsidãrė automãtiškai.	Durys atsidarė automatiškai.	The door opened automatically.	Durys	0	durys	Ncfpnn-	3fem
Dùrys lėtaĩ atsidãrė.	Durys lėtai atsidarė.	The door opened slowly.	Durys	0	durys	Ncfpnn-	3fem
Dù výrai káltino víenas kìtą.	Du vyrai kaltino vienas kitą.	The two men accused each other.	vyrai	1	vyras	Ncmpnn-	1mascIAS
Jõ žõdžiai manè nustẽbino.	Jo žodžiai mane nustebino.	His words surprised me.	žodžiai	1	žodis	Ncmpnn-	1mascIS
Kar̃tais svajõnės išsipìldo.	Kartais svajonės išsipildo.	Dreams sometimes come true.	svajonės	1	svajonė	Ncfpnn-	2femĖ
Polìcininkai dė̃vi mė́lynas unifòrmas.	Policininkai dėvi mėlynas uniformas.	Police officers wear blue uniforms.	Policininkai	0	policininkas	Ncmpnn-	1mascIAS
Ỹra tìk dù teisìngi atsãkymai.	Yra tik du teisingi atsakymai.	There are only two correct answers.	atsakymai	4	atsakymas	Ncmpnn-	1mascIAS
Žmónės vìs dár nè tùri gim̃dymo ùž Žẽmės ribų̃ patirtiẽs.	Žmonės vis dar ne turi gimdymo už Žemės ribų patirties.	People still have no experience in bearing children outside of Earth.	Žmonės	0	žmogus	Ncmpnn-	exception
Jų̃ obuoliaĩ nėrà tokiẽ skãnūs kaĩp mū́sų.	Jų obuoliai nėra tokie skanūs kaip mūsų.	Their apples aren't as tasty as ours.	obuoliai	1	obuolys	Ncmpnn-	1mascIS
Saldaĩniai nėrà tikràs maĩstas.	Saldainiai nėra tikras maistas.	Candies are not real food.	Saldainiai	0	saldainis	Ncmpnn-	1mascIS
Vėžliaĩ netùri dantų̃.	Vėžliai neturi dantų.	Turtles don't have teeth.	Vėžliai	0	vėžlys	Ncmpnn-	1mascIS
Visì obuoliaĩ ỹra teñ.	Visi obuoliai yra ten.	All the apples are there.	obuoliai	1	obuolys	Ncmpnn-	1mascIS
Ar̃ skruzdėlė̃s tùri ausìs?	Ar skruzdėlės turi ausis?	Do ants have ears?	skruzdėlės	1	skruzdėlė	Ncfpnn-	2femĖ
Laĩkraščiai neprànešė šiõs naujíenos.	Laikraščiai nepranešė šios naujienos.	Newspapers did not report that news.	Laikraščiai	0	laikraštis	Ncmpnn-	1mascIS
Laĩkraščiai neprànešė šiõs naujíenos.	Laikraščiai nepranešė šios naujienos.	Newspapers did not report that news.	naujienos	3	naujiena	Ncfpnn-	2femIA
Màno marškiniaĩ ỹra raudóni ir̃ màno bãtai ỹra tam̃siai mė́lyni.	Mano marškiniai yra raudoni ir mano batai yra tamsiai mėlyni.	My shirt is red and my shoes are dark blue.	marškiniai	1	marškiniai	Ncmpnn-	1mascIAS
Màno marškiniaĩ ỹra raudóni ir̃ màno bãtai ỹra tam̃siai mė́lyni.	Mano marškiniai yra raudoni ir mano batai yra tamsiai mėlyni.	My shirt is red and my shoes are dark blue.	batai	6	batas	Ncmpnn-	1mascIAS
Mókytojas ir̃ mokiniaĩ ỹra pavéikslų galèrijoje.	Mokytojas ir mokiniai yra paveikslų galerijoje.	The teacher and the students are at the art museum.	mokiniai	2	mokinys	Ncmpnn-	1mascIS
Abù bánkai susijùngė ir̃ sudãrė víeną dìdelį bánką.	Abu bankai susijungė ir sudarė vieną didelį banką.	The two banks consolidated and formed a single large bank.	bankai	1	bankas	Ncmpnn-	1mascIAS
Jõs plaukaĩ neatródė dažýti.	Jos plaukai neatrodė dažyti.	Her hair didn't look dyed.	plaukai	1	plaukas	Ncmpnn-	1mascIAS
Jū̃s vaikìnai ẽsate geriáusi šauliaĩ.	Jūs vaikinai esate geriausi šauliai.	You guys get the best shots.	vaikinai	1	vaikinas	Ncmpnn-	1mascIAS
Jū̃s vaikìnai ẽsate geriáusi šauliaĩ.	Jūs vaikinai esate geriausi šauliai.	You guys get the best shots.	šauliai	4	šaulys	Ncmpnn-	1mascIS
Kẽli sẽni pastataĩ tùri būtì nugriautì.	Keli seni pastatai turi būti nugriauti.	A few old buildings need to be demolished.	pastatai	2	pastatas	Ncmpnn-	1mascIAS
Miestè gyvẽnantys žmónės káimo gyvẽnimo malonùmų nežìno.	Mieste gyvenantys žmonės kaimo gyvenimo malonumų nežino.	People living in town don't know the pleasures of country life.	žmonės	2	žmogus	Ncmpnn-	exception
Paprastaĩ vilkaĩ neužpúola žmonių̃.	Paprastai vilkai neužpuola žmonių.	Wolves won't usually attack people.	vilkai	1	vilkas	Ncmpnn-	1mascIAS
Patalpõs plótas ỹra dù sù pusè kvadrãtinių mètrų.	Patalpos plotas yra du su puse kvadratinių metrų.	The room's area is two and half square meters.	Patalpos	0	patalpa	Ncfpnn-	2femIA
Šiañdien bùvo smarkùs žẽmės drebė́jimas, bèt, láimei, visì šeimõs nariaĩ ỹra saũgūs ir̃ sveikì.	Šiandien buvo smarkus žemės drebėjimas, bet, laimei, visi šeimos nariai yra saugūs ir sveiki.	There was a huge earthquake today, but thankfully everyone in the family is safe and well.	nariai	12	narys	Ncmpnn-	1mascIS
Šùnys lója.	Šunys loja.	Dogs are barking.	Šunys	0	šuo	Ncmpnn-	exception
Susitikìmai vỹksta kàs añtrą saváitę.	Susitikimai vyksta kas antrą savaitę.	Meetings are held every other week.	Susitikimai	0	susitikimas	Ncmpnn-	1mascIAS
Žmónės Brazìlijoje juõ didžiãvosi.	Žmonės Brazilijoje juo didžiavosi.	People in Brazil were proud of him.	Žmonės	0	žmogus	Ncmpnn-	exception
Žõdžiai išréiškia mintìs.	Žodžiai išreiškia mintis.	Words express thoughts.	Žodžiai	0	žodis	Ncmpnn-	1mascIS
Ar̃ Tòmui patiñka pomidòrai?	Ar Tomui patinka pomidorai?	Does Tom like tomatoes?	pomidorai	3	pomidoras	Ncmpnn-	1mascIAS
Dùrys prãviros. Àš eĩsiu jàs uždarýsiu.	Durys praviros. Aš eisiu jas uždarysiu.	The door is open. I'll go and shut it.	Durys	0	durys	Ncfpnn-	3fem
Euròpoje mókslo mẽtai mokỹklose prasìdeda rugsė́jį.	Europoje mokslo metai mokyklose prasideda rugsėjį.	School starts in September in Europe.	metai	2	metai	Ncmpnn-	1mascIAS
Gė̃lės žýdi.	Gėlės žydi.	Flowers bloom.	Gėlės	0	gėlė	Ncfpnn-	2femĖ
Ìštekliai ribóti.	Ištekliai riboti.	Resources are limited.	Ištekliai	0	išteklius	Ncmpnn-	4masc
Jõs kójinės ỹra pìlkos.	Jos kojinės yra pilkos.	Her socks are gray.	kojinės	1	kojinė	Ncfpnn-	2femĖ
Jū̃s ẽsate jõs dùkterys.	Jūs esate jos dukterys.	You are her daughters.	dukterys	3	duktė	Ncfpnn-	5fem
Kadáise bùvo mãnoma kàd pomidòrai ỹra nuodìngi.	Kadaise buvo manoma kad pomidorai yra nuodingi.	It is once believed that tomatoes were poisonous.	pomidorai	4	pomidoras	Ncmpnn-	1mascIAS
Mokiniaĩ nesiklaũsė jõs pãsakojimo.	Mokiniai nesiklausė jos pasakojimo.	The students didn't listen to her story.	Mokiniai	0	mokinys	Ncmpnn-	1mascIS
Mū́sų ìštekliai ỹra ribóti.	Mūsų ištekliai yra riboti.	We have limited resources.	ištekliai	1	išteklius	Ncmpnn-	4masc
Pinigaĩ nèkvepia.	Pinigai nekvepia.	Money does not smell.	Pinigai	0	pinigas	Ncmpnn-	1mascIAS
Rugsė́jį mokỹklose prasìdeda naujì mókslo mẽtai.	Rugsėjį mokyklose prasideda nauji mokslo metai.	School reopens in September.	metai	5	metai	Ncmpnn-	1mascIAS
Šiẽ saldaĩniai ỹra per̃ sáldūs.	Šie saldainiai yra per saldūs.	These candies are too sweet.	saldainiai	1	saldainis	Ncmpnn-	1mascIS
Tàvo kòmiksai ỹra añt lentýnos.	Tavo komiksai yra ant lentynos.	Your comic books are on the shelf.	komiksai	1	komiksas	Ncmpnn-	1mascIAS
Turtuõliai nè visadà ỹra laimìngi.	Turtuoliai ne visada yra laimingi.	The rich are not always happy.	Turtuoliai	0	turtuolis	Ncmpnn-	1mascIS
Turtuõliai tùri daũg draugų̃.	Turtuoliai turi daug draugų.	The rich have many friends.	Turtuoliai	0	turtuolis	Ncmpnn-	1mascIS
Visì šìtie obuoliaĩ ỹra labaĩ sáldūs.	Visi šitie obuoliai yra labai saldūs.	All these apples are very sweet.	obuoliai	2	obuolys	Ncmpnn-	1mascIS
Žmónės sukìlo priẽš karãlių.	Žmonės sukilo prieš karalių.	The people rebelled against the king.	Žmonės	0	žmogus	Ncmpnn-	exception
Ar̃ žmónės ỹra tar̃si žuvýtės akvãriume?	Ar žmonės yra tarsi žuvytės akvariume?	Are humans like goldfish in a fishbowl?	žmonės	1	žmogus	Ncmpnn-	exception
Ar̃ žmónės ỹra tar̃si žuvýtės akvãriume?	Ar žmonės yra tarsi žuvytės akvariume?	Are humans like goldfish in a fishbowl?	žuvytės	4	žuvytė	Ncfpnn-	2femĖ
Draugaĩ manè vadìna Kenù.	Draugai mane vadina Kenu.	My friends call me Ken.	Draugai	0	draugas	Ncmpnn-	1mascIAS
Japònijoje dažnaĩ vỹksta žẽmės drebė́jimai.	Japonijoje dažnai vyksta žemės drebėjimai.	Earthquakes frequently hit Japan.	drebėjimai	4	drebėjimas	Ncmpnn-	1mascIAS
Kompiùteriai gãli atliktì labaĩ sudėtìngą ùžduotį per̃ keliàs sekùndės dalelès.	Kompiuteriai gali atlikti labai sudėtingą užduotį per kelias sekundės daleles.	Computers can perform a very complicated task in a fraction of a second.	Kompiuteriai	0	kompiuteris	Ncmpnn-	1mascIS
Mán visàd labiaũ patìko paslaptìngi personãžai.	Man visad labiau patiko paslaptingi personažai.	I always liked mysterious characters more.	personažai	5	personažas	Ncmpnn-	1mascIAS
Miestè ỹra kelì gerì viẽšbučiai.	Mieste yra keli geri viešbučiai.	There are a few good hotels in town.	viešbučiai	4	viešbutis	Ncmpnn-	1mascIS
Rùdenį mẽdžių lãpai tam̃pa raudõni ir̃ geltõni.	Rudenį medžių lapai tampa raudoni ir geltoni.	In the fall, the leaves turn red and gold.	lapai	2	lapas	Ncmpnn-	1mascIAS
Šiojè ùpėje žùvys jaũ nebegyvẽna.	Šioje upėje žuvys jau nebegyvena.	Fish have ceased to live in this river.	žuvys	2	žuvis	Ncfpnn-	3fem
Šiõs žìrklės blogaĩ ker̃pa.	Šios žirklės blogai kerpa.	These scissors don't cut well.	žirklės	1	žirklės	Ncfpnn-	2femĖ
Visì gyvuliaĩ ỹra lýgūs, tačiaũ kaĩ kuriẽ gyvuliaĩ lygesnì neĩ kitì.	Visi gyvuliai yra lygūs, tačiau kai kurie gyvuliai lygesni nei kiti.	All animals are equal, but some animals are more equal than others.	gyvuliai	1	gyvulys	Ncmpnn-	1mascIS
Visì gyvuliaĩ ỹra lýgūs, tačiaũ kaĩ kuriẽ gyvuliaĩ lygesnì neĩ kitì.	Visi gyvuliai yra lygūs, tačiau kai kurie gyvuliai lygesni nei kiti.	All animals are equal, but some animals are more equal than others.	kurie	7	gyvulys	Ncmpnn-	1mascIS
Vìsos mū́sų pãstangos baĩgėsi nẽsėkme.	Visos mūsų pastangos baigėsi nesėkme.	All our effort ended in failure.	pastangos	2	pastanga	Ncfpnn-	2femIA
Výrai pradė́jo žygiúoti pirmỹn.	Vyrai pradėjo žygiuoti pirmyn.	The men began to march forward.	Vyrai	0	vyras	Ncmpnn-	1mascIAS
Mán nepatiñka žmónės kuriẽ lengvaĩ supỹksta.	Man nepatinka žmonės kurie lengvai supyksta.	I don't like people who get angry easily.	žmonės	2	žmogus	Ncmpnn-	exception
Paũkščiai gíeda.	Paukščiai gieda.	Birds sing.	Paukščiai	0	paukštis	Ncmpnn-	1mascIS
Ar̃ marsiẽčiai kal̃ba ángliškai?	Ar marsiečiai kalba angliškai?	Do Martians speak English?	marsiečiai	1	marsietis	Ncmpnn-	1mascIS
Jõs šùnys bėgiójo põ namùs.	Jos šunys bėgiojo po namus.	Her dogs were running around the house.	šunys	1	šuo	Ncmpnn-	exception
Móterys turė́tų džiaũgtis bū́damos móterimis, kaĩp džiaũgiasi výrai būdamì výrais.	Moterys turėtų džiaugtis būdamos moterimis, kaip džiaugiasi vyrai būdami vyrais.	Women ought to be as glad to be women as men are to be men.	Moterys	0	moteris	Ncfpnn-	3fem
Móterys turė́tų džiaũgtis bū́damos móterimis, kaĩp džiaũgiasi výrai būdamì výrais.	Moterys turėtų džiaugtis būdamos moterimis, kaip džiaugiasi vyrai būdami vyrais.	Women ought to be as glad to be women as men are to be men.	vyrai	8	vyras	Ncmpnn-	1mascIAS
Paaugliaĩ nóri būtì nepriklaũsomi nuõ tėvų̃.	Paaugliai nori būti nepriklausomi nuo tėvų.	Teenagers want to be independent of their parents.	Paaugliai	0	paauglys	Ncmpnn-	1mascIS
Priẽš bėgìmą bėgìkai tùri apšiltì.	Prieš bėgimą bėgikai turi apšilti.	Before the race, the runners have to warm up.	bėgikai	2	bėgikas	Ncmpnn-	1mascIAS
Šiẽ konteĩneriai nepraléidžia óro.	Šie konteineriai nepraleidžia oro.	These containers are airtight.	konteineriai	1	konteineris	Ncmpnn-	1mascIS
Sukìlėliai pastãtė barikãdą añt kẽlio.	Sukilėliai pastatė barikadą ant kelio.	The rebels made a barricade across the road.	Sukilėliai	0	sukilėlis	Ncmpnn-	1mascIS
Trumpì sijõnai jaũ išė̃jo ìš madõs.	Trumpi sijonai jau išėjo iš mados.	Short skirts have already gone out of fashion.	sijonai	1	sijonas	Ncmpnn-	1mascIAS
Visì káimai bùvo labaĩ grãžūs.	Visi kaimai buvo labai gražūs.	All the villages were beautiful.	kaimai	1	kaimas	Ncmpnn-	1mascIAS
Gaisraĩ ỹra vìs mažiaũ baĩsūs neĩ kadáise, kadángi vìs daugiaũ namų̃ stãtomi ìš betòno, õ namaĩ ìš betòno nèdega taĩp lengvaĩ kaĩp sẽni medìniai.	Gaisrai yra vis mažiau baisūs nei kadaise, kadangi vis daugiau namų statomi iš betono, o namai iš betono nedega taip lengvai kaip seni mediniai.	Fires are less frightening today than they once were, because more and more houses are built of concrete, and concrete houses do not burn as easily as the old wooden ones.	Gaisrai	0	gaisras	Ncmpnn-	1mascIAS
Gaisraĩ ỹra vìs mažiaũ baĩsūs neĩ kadáise, kadángi vìs daugiaũ namų̃ stãtomi ìš betòno, õ namaĩ ìš betòno nèdega taĩp lengvaĩ kaĩp sẽni medìniai.	Gaisrai yra vis mažiau baisūs nei kadaise, kadangi vis daugiau namų statomi iš betono, o namai iš betono nedega taip lengvai kaip seni mediniai.	Fires are less frightening today than they once were, because more and more houses are built of concrete, and concrete houses do not burn as easily as the old wooden ones.	namai	17	namai	Ncmpnn-	1mascIAS
Jiẽ ỹra žmónės, gyvẽnantis ùž gretimų̃ dùrų.	Jie yra žmonės, gyvenantis už gretimų durų.	They are the people who live next door.	žmonės	2	žmogus	Ncmpnn-	exception
Jìs užvažiãvo añt mìnos ir̃ jõ džìpas susprógo.	Jis užvažiavo ant minos ir jo džipas susprogo.	He drove over a land mine and his jeep blew up.	minos	3	mina	Ncfpnn-	2femIA
Kaĩ àš prabudaũ, visì kitì keleĩviai bùvo išlìpę.	Kai aš prabudau, visi kiti keleiviai buvo išlipę.	When I woke up, all other passengers had gotten off.	keleiviai	6	keleivis	Ncmpnn-	1mascIS
Mẽs žìnome, kàd visì žmónės ỹra mirtìngi.	Mes žinome, kad visi žmonės yra mirtingi.	We know that all men are mortal.	žmonės	5	žmogus	Ncmpnn-	exception
Obuoliaĩ mán patiñka labiaũ ùž apelsinùs.	Obuoliai man patinka labiau už apelsinus.	I prefer apples to oranges.	Obuoliai	0	obuolys	Ncmpnn-	1mascIS
Poètai rãšo eilė́raščius.	Poetai rašo eilėraščius.	Poets write poems.	Poetai	0	poetas	Ncmpnn-	1mascIAS
Tõs dùjos išdúoda stìprų, negẽrą kvãpą.	Tos dujos išduoda stiprų, negerą kvapą.	The gas gives off a strong, bad smell.	dujos	1	dujos	Ncfpnn-	2femIA
Añt lóvos miẽga dù katinaĩ.	Ant lovos miega du katinai.	There are two cats sleeping on the bed.	katinai	4	katinas	Ncmpnn-	1mascIAS
Ar̃ jìs žìno kur̃ tiẽ katinaĩ pasìslėpė?	Ar jis žino kur tie katinai pasislėpė?	Does he know where those cats hid themselves?	katinai	5	katinas	Ncmpnn-	1mascIAS
Daĩlininko ãkys ỹra jõ svarbiáusi į́rankiai.	Dailininko akys yra jo svarbiausi įrankiai.	A painter's eyes are his most important tools.	akys	1	akis	Ncfpnn-	3fem
Daĩlininko ãkys ỹra jõ svarbiáusi į́rankiai.	Dailininko akys yra jo svarbiausi įrankiai.	A painter's eyes are his most important tools.	įrankiai	5	įrankis	Ncmpnn-	1mascIS
Daũg jaunų̃ žmonių̃ Ispãnijoje ỹra bedar̃biai.	Daug jaunų žmonių Ispanijoje yra bedarbiai.	Many young people in Spain are unemployed.	bedarbiai	5	bedarbis	Ncmpnn-	1mascIS
Griñdys ỹra pàdengtos stóru kilimù.	Grindys yra padengtos storu kilimu.	The floor is covered with a thick carpet.	Grindys	0	grindys	Ncfpnn-	3fem
Jõ žiñgsniai pagreitė́jo.	Jo žingsniai pagreitėjo.	His pace quickened.	žingsniai	1	žingsnis	Ncmpnn-	1mascIS
Jūreĩviai palìko dẽgantį laĩvą.	Jūreiviai paliko degantį laivą.	The sailors abandoned the burning ship.	Jūreiviai	0	jūreivis	Ncmpnn-	1mascIS
Mán patiñka trumpì eilė́raščiai.	Man patinka trumpi eilėraščiai.	I like short poems.	eilėraščiai	3	eilėraštis	Ncmpnn-	1mascIS
Mokiniaĩ neprisìminė ką̃ jiẽ pérskaitė tojè knỹgoje.	Mokiniai neprisiminė ką jie perskaitė toje knygoje.	The students didn't remember what they read in that book.	Mokiniai	0	mokinys	Ncmpnn-	1mascIS
Naujì keliaĩ bùvo tiesiamì víenas põ kìto.	Nauji keliai buvo tiesiami vienas po kito.	New roads were constructed one after another.	keliai	1	kelias	Ncmpnn-	1mascIAS
Põ jõs automobiliù slẽpiasi dù katinaĩ.	Po jos automobiliu slepiasi du katinai.	There are two cats hiding under her car.	katinai	5	katinas	Ncmpnn-	1mascIAS
Tiẽ katinaĩ visadà miẽga añt kilìmo.	Tie katinai visada miega ant kilimo.	Those cats always sleep on the carpet.	katinai	1	katinas	Ncmpnn-	1mascIAS
Visì žmónės gìmsta laisvì ir̃ lýgūs sàvo orumù ir̃ téisėmis. Jíems sùteiktas prõtas ir̃ są́žinė ir̃ jiẽ tùri el̃gtis víenas kìto ãtžvilgiu kaĩp bróliai.	Visi žmonės gimsta laisvi ir lygūs savo orumu ir teisėmis. Jiems suteiktas protas ir sąžinė ir jie turi elgtis vienas kito atžvilgiu kaip broliai.	All human beings are born free and equal in dignity and rights. They are endowed with reason and conscience and should act towards one another in a spirit of brotherhood.	žmonės	1	žmogus	Ncmpnn-	exception
Visì žmónės gìmsta laisvì ir̃ lýgūs sàvo orumù ir̃ téisėmis. Jíems sùteiktas prõtas ir̃ są́žinė ir̃ jiẽ tùri el̃gtis víenas kìto ãtžvilgiu kaĩp bróliai.	Visi žmonės gimsta laisvi ir lygūs savo orumu ir teisėmis. Jiems suteiktas protas ir sąžinė ir jie turi elgtis vienas kito atžvilgiu kaip broliai.	All human beings are born free and equal in dignity and rights. They are endowed with reason and conscience and should act towards one another in a spirit of brotherhood.	broliai	24	brolis	Ncmpnn-	1mascIS
Apelsìnai šiamè maišè ỹra supùvę.	Apelsinai šiame maiše yra supuvę.	The oranges in this bag are rotten.	Apelsinai	0	apelsinas	Ncmpnn-	1mascIAS
Àš manaũ, kàd daũgumai žmonių̃ mókytis trigonomètrines fùnkcijas ỹra beprãsmiška.	Aš manau, kad daugumai žmonių mokytis trigonometrines funkcijas yra beprasmiška.	I think that for many people learning the trigonometric functions is meaningless.	daugumai	4	daugumas	Ncmpnn-	1mascIAS
Atsisvéikinimai visadà bū̃na liūdnì.	Atsisveikinimai visada būna liūdni.	Goodbyes are always sad.	Atsisveikinimai	0	atsisveikinimas	Ncmpnn-	1mascIAS
Jám nepatiñka apelsìnai.	Jam nepatinka apelsinai.	He doesn't like oranges.	apelsinai	2	apelsinas	Ncmpnn-	1mascIAS
Marškiniaĩ ỹra labaĩ nešvãrūs. Priẽš táu eĩnant į̃ mokỹklą, jiẽ tùri būtì išskalbtì.	Marškiniai yra labai nešvarūs. Prieš tau einant į mokyklą, jie turi būti išskalbti.	The shirt is very dirty. Before you go to school, it has to be washed.	Marškiniai	0	marškiniai	Ncmpnn-	1mascIAS
Šiẽ apelsìnai ỹra skãnūs.	Šie apelsinai yra skanūs.	These oranges taste good.	apelsinai	1	apelsinas	Ncmpnn-	1mascIAS
Triùšiai mė́gsta válgyti morkàs.	Triušiai mėgsta valgyti morkas.	Rabbits like to eat carrots.	Triušiai	0	triušis	Ncmpnn-	1mascIS
Vaikaĩ skìna sodè gėlès.	Vaikai skina sode gėles.	The kids are picking flowers in the garden.	Vaikai	0	vaikas	Ncmpnn-	1mascIAS
Vókiški automobìliai ỹra vienì ìš geriáusių.	Vokiški automobiliai yra vieni iš geriausių.	German cars are among the best.	automobiliai	1	automobilis	Ncmpnn-	1mascIS
Voveráitės válgo lazdýno ríešutus.	Voveraitės valgo lazdyno riešutus.	Squirrels eat hazelnuts.	Voveraitės	0	voveraitė	Ncfpnn-	2femĖ
Civilizúotoje Euròpoje bùliai vìs dár ỹra kankìnami ir̃ žùdomi prãmogai.	Civilizuotoje Europoje buliai vis dar yra kankinami ir žudomi pramogai.	In civilized Europe, bulls are still tortured and killed for fun.	buliai	2	bulius	Ncmpnn-	4masc
Kaĩ mán liū̃dna, draugaĩ manè pagúodžia.	Kai man liūdna, draugai mane paguodžia.	When I'm sad, my friends encourage me.	draugai	4	draugas	Ncmpnn-	1mascIAS
Kupranugãriai dažnaĩ naudójami keliáujant dykumosè.	Kupranugariai dažnai naudojami keliaujant dykumose.	Camels are often used to travel in the desert.	Kupranugariai	0	kupranugaris	Ncmpnn-	1mascIS
Manè labaĩ sukándžiojo uodaĩ.	Mane labai sukandžiojo uodai.	I got a lot of mosquito bites.	uodai	3	uodas	Ncmpnn-	1mascIAS
Põ kelių̃ mẽtų žmónės teĩgs, kàd paskutìnis dìdelis kãras bùvo daugiaũ neĩ priẽš šim̃tmetį.	Po kelių metų žmonės teigs, kad paskutinis didelis karas buvo daugiau nei prieš šimtmetį.	In some years from now, people will say the last great war was over a hundred years ago.	žmonės	3	žmogus	Ncmpnn-	exception
Šiojè šalyjè kárvės ỹra naudingèsnės ùž bèt kókius kitùs gývulius.	Šioje šalyje karvės yra naudingesnės už bet kokius kitus gyvulius.	Cows are more useful than any other animal in this country.	karvės	2	karvė	Ncfpnn-	2femĖ
Vaikaĩ kar̃tais bū̃na nekañtrūs.	Vaikai kartais būna nekantrūs.	Children sometimes lack patience.	Vaikai	0	vaikas	Ncmpnn-	1mascIAS
Visì keliaĩ vẽdantys į̃ miẽstą ỹra pilnì automobìlių.	Visi keliai vedantys į miestą yra pilni automobilių.	All the roads leading into the city are full of cars.	keliai	1	kelias	Ncmpnn-	1mascIAS
Ankarojè, visì mẽtų laikaĩ ỹra tar̃si žiemà.	Ankaroje, visi metų laikai yra tarsi žiema.	In Ankara, all the seasons are like winter.	laikai	4	laikas	Ncmpnn-	1mascIAS
Šiẽ váistai tùri būtì vartójami trìs kartùs per̃ diẽną.	Šie vaistai turi būti vartojami tris kartus per dieną.	These medicines should be taken three times a day.	vaistai	1	vaistas	Ncmpnn-	1mascIAS
Strùčiai nemóka skraidýti.	Stručiai nemoka skraidyti.	Ostriches can't fly.	Stručiai	0	strutis	Ncmpnn-	1mascIS
Ver̃čiamą sãkinį išver̃skite geraĩ. Neléiskite, kàd vertìmai į̃ kitàs kalbàs darýtų jùms į́taką.	Verčiamą sakinį išverskite gerai. Neleiskite, kad vertimai į kitas kalbas darytų jums įtaką.	Make a good translation of the sentence that you are translating. Don't let translations into other languages influence you.	vertimai	8	vertimas	Ncmpnn-	1mascIAS
Ver̃k - ãšaros ỹra širdiẽs žíedlapiai.	Verk - ašaros yra širdies žiedlapiai.	Cry: tears are the heart's petals.	ašaros	2	ašara	Ncfpnn-	2femIA
Ver̃k - ãšaros ỹra širdiẽs žíedlapiai.	Verk - ašaros yra širdies žiedlapiai.	Cry: tears are the heart's petals.	žiedlapiai	5	žiedlapis	Ncmpnn-	1mascIS
Žaidýmų aikštẽlėje ỹra dvì mergáitės.	Žaidymų aikštelėje yra dvi mergaitės.	There are two girls in the playground.	mergaitės	4	mergaitė	Ncfpnn-	2femĖ
Afrikiẽtiški drambliaĩ ỹra didesnì ùž azijiẽtiškus drambliùs.	Afrikietiški drambliai yra didesni už azijietiškus dramblius.	African elephants are larger than Asian elephants.	drambliai	1	dramblys	Ncmpnn-	1mascIS
Bè vandeñs, kareĩviai bū́tų numìrę.	Be vandens, kareiviai būtų numirę.	Without water, the soldiers would have died.	kareiviai	3	kareivis	Ncmpnn-	1mascIS
Daktaraĩ padãrė vìską ką̃ galė́jo tám kàd jį̃ išgýdytų.	Daktarai padarė viską ką galėjo tam kad jį išgydytų.	Doctors did everything they could to cure him.	Daktarai	0	daktaras	Ncmpnn-	1mascIAS
Jõs ãkys paplū́do ãšaromis.	Jos akys paplūdo ašaromis.	Her eyes filled with tears.	akys	1	akis	Ncfpnn-	3fem
Krepšìnyje, aũkšti žaidė́jai tùri pranašùmą.	Krepšinyje, aukšti žaidėjai turi pranašumą.	In basketball, tall players have an advantage.	žaidėjai	3	žaidėjas	Ncmpnn-	1mascIAS
Nè vìsos internèto naršỹklės ỹra saũgios.	Ne visos interneto naršyklės yra saugios.	Not all internet browsers are safe.	naršyklės	3	naršyklė	Ncfpnn-	2femĖ
Pagal̃ legeñdą, miškè vaidẽnosi, taĩgi žmónės jõ véngė.	Pagal legendą, miške vaidenosi, taigi žmonės jo vengė.	According to legend, the wood used to be haunted, so people would avoid it.	žmonės	7	žmogus	Ncmpnn-	exception
Pagal̃ mókslininkus, atmosferà tam̃pa vìs šiltèsnė mẽtai põ mẽtų.	Pagal mokslininkus, atmosfera tampa vis šiltesnė metai po metų.	According to scientists, the atmosphere is getting warmer year after year.	metai	7	metai	Ncmpnn-	1mascIAS
Rūkýtojai mìršta jaunì.	Rūkytojai miršta jauni.	Smokers die young.	Rūkytojai	0	rūkytojas	Ncmpnn-	1mascIAS
Tòmo marškiniaĩ džiū̃va.	Tomo marškiniai džiūva.	Tom's shirt is drying.	marškiniai	1	marškiniai	Ncmpnn-	1mascIAS
Vìsos jų̃ pãstangos bùvo beprãsmiškos.	Visos jų pastangos buvo beprasmiškos.	All their efforts were in vain.	pastangos	2	pastanga	Ncfpnn-	2femIA
Bespal̃vės žãlios miñtys pasiùtiškai miẽga.	Bespalvės žalios mintys pasiutiškai miega.	Colorless green ideas sleep furiously.	mintys	2	mintis	Ncfpnn-	3fem
Jéi pasisùksi šiáurėn, rytaĩ bùs táu ìš dešinė̃s.	Jei pasisuksi šiaurėn, rytai bus tau iš dešinės.	If you face north, the east is on your right.	rytai	4	rytai	Ncmpnn-	1mascIAS
Kartòninės dėžė̃s ỹra trãpios.	Kartoninės dėžės yra trapios.	The cardboard boxes are fragile.	dėžės	1	dėžė	Ncfpnn-	2femĖ
Obuoliaĩ kitojè síenos pùsėje ỹra saldžiáusi.	Obuoliai kitoje sienos pusėje yra saldžiausi.	The apples on the other side of the wall are the sweetest.	Obuoliai	0	obuolys	Ncmpnn-	1mascIS
Pirmãdieniai niekadà nebebùs tokiẽ pãtys.	Pirmadieniai niekada nebebus tokie patys.	Mondays will never be the same.	Pirmadieniai	0	pirmadienis	Ncmpnn-	1mascIS