Taĩ ỹra geriáusias dalỹkas pasáulyje.	Tai yra geriausias dalykas pasaulyje.	This is the best thing on earth.	pasaulyje	4	pasaulis	Ncmsln-
Kàs ỹra svarbiáusia gyvẽnime?	Kas yra svarbiausia gyvenime?	What's the most important in life?	gyvenime	3	gyvenimas	Ncmsln-
Niẽkas pasáulyje nenóri kãro.	Niekas pasaulyje nenori karo.	Nobody in the world wants war.	pasaulyje	1	pasaulis	Ncmsln-
Ateĩk rytój rytè.	Ateik rytoj ryte.	Come tomorrow morning.	ryte	2	rytas	Ncmsln-
Ar̃ jì dìrba šiamè miestè?	Ar ji dirba šiame mieste?	Does she work in this city?	mieste	4	miestas	Ncmsln-
Àš nóriu gyvénti miestè.	Aš noriu gyventi mieste.	I want to live in the city.	mieste	3	miestas	Ncmsln-
Grį̃šiu rytój vakarè.	Grįšiu rytoj vakare.	I'll be back tomorrow evening.	vakare	2	vakaras	Ncmsln-
Jéi táu manę̃s reikė̃s, àš bū́siu sàvo kambaryjè.	Jei tau manęs reikės, aš būsiu savo kambaryje.	If you need me, I'll be in my room.	kambaryje	8	kambarys	Ncmsln-
Ką̃ jìs veikià sàvo kambaryjè?	Ką jis veikia savo kambaryje?	What is he doing in his room?	kambaryje	4	kambarys	Ncmsln-
Kambaryjè niẽko nėrà.	Kambaryje nieko nėra.	There's no one in the room.	Kambaryje	0	kambarys	Ncmsln-
Prašaũ laikýk omenỹ tą̃ ką̃ àš pasakiaũ.	Prašau laikyk omeny tą ką aš pasakiau.	Please bear in mind what I said.	omeny	2	omenis	Ncfsln-
Ar̃ tù tuõ metù buvaĩ mokỹkloje?	Ar tu tuo metu buvai mokykloje?	Were you at school at that time?	mokykloje	5	mokykla	Ncfsln-
Àš turė́čiau būtì mokỹkloje.	Aš turėčiau būti mokykloje.	I should be at school.	mokykloje	3	mokykla	Ncfsln-
Màno knygà tùri būtì kažkur̃ kambaryjè.	Mano knyga turi būti kažkur kambaryje.	My book has to be somewhere in the room.	kambaryje	5	kambarys	Ncmsln-
Jõs výras ỹra kalė́jime.	Jos vyras yra kalėjime.	Her husband is in prison.	kalėjime	3	kalėjimas	Ncmsln-
Palìk manè ramýbėje!	Palik mane ramybėje!	Leave me alone!	ramybėje	2	ramybė	Ncfsln-
Palìk màno šeĩmą ramýbėje.	Palik mano šeimą ramybėje.	Leave my family alone.	ramybėje	3	ramybė	Ncfsln-
Àš gyvenù miestè.	Aš gyvenu mieste.	I live in a city.	mieste	2	miestas	Ncmsln-
Dvì šeĩmos gyvẽna tamè namè.	Dvi šeimos gyvena tame name.	Two families live in that house.	name	4	namas	Ncmsln-
Jám patiñka gyvénti tojè viẽtoje.	Jam patinka gyventi toje vietoje.	He likes to live in that place.	vietoje	4	vieta	Ncfsln-
Šiamè namè gyvẽna daũg žmonių̃.	Šiame name gyvena daug žmonių.	There are many people living in this house.	name	1	namas	Ncmsln-
Šiuõ metù Tòmas nėrà kalė́jime.	Šiuo metu Tomas nėra kalėjime.	Tom isn't currently in prison.	kalėjime	4	kalėjimas	Ncmsln-
Tòmas dabar̃ ỹra kalė́jime.	Tomas dabar yra kalėjime.	Tom is now in prison.	kalėjime	3	kalėjimas	Ncmsln-
Tòmas miẽga sàvo kambaryjè.	Tomas miega savo kambaryje.	Tom is asleep in his room.	kambaryje	3	kambarys	Ncmsln-
Tòmas šiuõ metù nėrà kalė́jime.	Tomas šiuo metu nėra kalėjime.	Tom is not in prison at the moment.	kalėjime	4	kalėjimas	Ncmsln-
Tòmas vìs dár ỹra kalė́jime.	Tomas vis dar yra kalėjime.	Tom is still in prison.	kalėjime	4	kalėjimas	Ncmsln-
Tòmas ỹra kalė́jime.	Tomas yra kalėjime.	Tom is in prison.	kalėjime	2	kalėjimas	Ncmsln-
Kàs teñ apačiojè dẽdasi?	Kas ten apačioje dedasi?	What's going on down there?	apačioje	2	apačia	Ncfsln-
Jì palìko sàvo šùnį màno kambaryjè.	Ji paliko savo šunį mano kambaryje.	She left her dog in my room.	kambaryje	5	kambarys	Ncmsln-
Mū́sų mokyklà ỹra miẽsto centrè.	Mūsų mokykla yra miesto centre.	Our school is in the center of the town.	centre	4	centras	Ncmsln-
Palìk màno automobìlį ramýbėje.	Palik mano automobilį ramybėje.	Leave my car alone.	ramybėje	3	ramybė	Ncfsln-
Tù turė́tum laikýti omenỹ tą̃ ką̃ àš táu pasakiaũ.	Tu turėtum laikyti omeny tą ką aš tau pasakiau.	You should keep in mind what I told you.	omeny	3	omenis	Ncfsln-
Tàvo brólio šiañdien nebùvo mokỹkloje.	Tavo brolio šiandien nebuvo mokykloje.	Your brother wasn't at school today.	mokykloje	4	mokykla	Ncfsln-
Ar̃ àš turiù liktì ligóninėje?	Ar aš turiu likti ligoninėje?	Do I have to stay in the hospital?	ligoninėje	4	ligoninė	Ncfsln-
Jì dìrba ligóninėje.	Ji dirba ligoninėje.	She works for a hospital.	ligoninėje	2	ligoninė	Ncfsln-
Jiẽ sãko kàd jìs tuõ metù bùvo ligóninėje.	Jie sako kad jis tuo metu buvo ligoninėje.	They say that he was in the hospital at that time.	ligoninėje	7	ligoninė	Ncfsln-
Jìs turė́jo liktì lóvoje.	Jis turėjo likti lovoje.	He had to stay in bed.	lovoje	3	lova	Ncfsln-
Õ Dievè, àš negaliù šituõ patikė́ti.	O Dieve, aš negaliu šituo patikėti.	Oh my God, I can't believe this.	Dieve	1	dievas	Ncmsln-
Tòmas gìmė laivè.	Tomas gimė laive.	Tom was born on a ship.	laive	2	laivas	Ncmsln-
Ar̃ mokyklà ỹra šiojè ùpės pùsėje?	Ar mokykla yra šioje upės pusėje?	Is the school on this side of the river?	pusėje	5	pusė	Ncfsln-
Àš girdė́jau kàd jõ tė́vas ỹra kitojè šalyjè.	Aš girdėjau kad jo tėvas yra kitoje šalyje.	I hear that his father is in another country.	šalyje	7	šalis	Ncfsln-
Bū́k atsargùs kẽlyje namõ.	Būk atsargus kelyje namo.	Be careful on your way back home.	kelyje	2	kelias	Ncmsln-
Vãkar mū́sų namè bùvo kẽletas žmonių̃.	Vakar mūsų name buvo keletas žmonių.	There were some people at our house yesterday.	name	2	namas	Ncmsln-
Jõ kambaryjè ỹra daũg knỹgų.	Jo kambaryje yra daug knygų.	There are a lot of books in his room.	kambaryje	1	kambarys	Ncmsln-
Jì ỹra geriáusia sàvo klãsėje.	Ji yra geriausia savo klasėje.	She is the best in her class.	klasėje	4	klasė	Ncfsln-
Kíek žmonių̃ ỹra parduotùvėje?	Kiek žmonių yra parduotuvėje?	How many people are there in the store?	parduotuvėje	3	parduotuvė	Ncfsln-
Kurìs miẽstas ỹra tàvo mėgstamiáusias pasáulyje?	Kuris miestas yra tavo mėgstamiausias pasaulyje?	What's your favorite city in the world?	pasaulyje	5	pasaulis	Ncmsln-
Lóva ỹra kambaryjè.	Lova yra kambaryje.	The bed is in the room.	kambaryje	2	kambarys	Ncmsln-
Šiañdien rytè žiūrė́jau televìzorių.	Šiandien ryte žiūrėjau televizorių.	I watched TV this morning.	ryte	1	rytas	Ncmsln-
Taĩp išė̃jo kàd àš tuomèt buvaũ Lòndone.	Taip išėjo kad aš tuomet buvau Londone.	It happened that I was not in London at that time.	Londone	6	Londonas	Npmslng
Taĩp išė̃jo kàd àš tuõ metù buvaũ Lòndone.	Taip išėjo kad aš tuo metu buvau Londone.	It happened that I was not in London at that time.	Londone	7	Londonas	Npmslng
Tòmas bùvo vieniñtelis vaikìnas klãsėje.	Tomas buvo vienintelis vaikinas klasėje.	Tom was the only guy in the class.	klasėje	4	klasė	Ncfsln-
Màno arbãtoje nėrà cùkraus.	Mano arbatoje nėra cukraus.	There's no sugar in my tea.	arbatoje	1	arbata	Ncfsln-
Mẽs ẽsame karè.	Mes esame kare.	We are at war.	kare	2	karas	Ncmsln-
Pàts svarbiáusias dalỹkas gyvẽnime ỹra būtì savimì.	Pats svarbiausias dalykas gyvenime yra būti savimi.	The most important thing in life is to be yourself.	gyvenime	3	gyvenimas	Ncmsln-
Stotìs ỹra miẽsto centrè.	Stotis yra miesto centre.	The station is in the center of the city.	centre	3	centras	Ncmsln-
Tù esì màno širdyjè.	Tu esi mano širdyje.	You're in my heart.	širdyje	3	širdis	Ncfsln-
Ar̃ nóri būtì ãktorius fìlme?	Ar nori būti aktorius filme?	Do you want to be an actor in a movie?	filme	4	filmas	Ncmsln-
Àš esù Parỹžiuje.	Aš esu Paryžiuje.	I am in Paris.	Paryžiuje	2	Paryžius	Npmslng
Eĩkime pasikalbė́ti kitamè kambaryjè.	Eikime pasikalbėti kitame kambaryje.	Let's go talk in the other room.	kambaryje	3	kambarys	Ncmsln-
Kàs sė́di kitamè stãlo galè?	Kas sėdi kitame stalo gale?	Who is sitting at the other end of the table?	gale	4	galas	Ncmsln-
Kàs tàs výras kurìs sė́di kitamè stãlo galè?	Kas tas vyras kuris sėdi kitame stalo gale?	Who is the man sitting at the other end of the table?	gale	7	galas	Ncmsln-
Kodė̃l tù láikai juõs núotrauką sàvo knỹgoje?	Kodėl tu laikai juos nuotrauką savo knygoje?	Why do you keep a picture of her in your book?	knygoje	6	knyga	Ncfsln-
Màno tė́vas sugrį̃š kìto mė́nesio pradžiojè.	Mano tėvas sugrįš kito mėnesio pradžioje.	My father will be back at the beginning of next month.	pradžioje	5	pradžia	Ncfsln-
Mẽs ẽsame bùvę Parỹžiuje.	Mes esame buvę Paryžiuje.	We have been in Paris.	Paryžiuje	3	Paryžius	Npmslng
Nepamir̃šk atidarýti lángo sàvo kambaryjè.	Nepamiršk atidaryti lango savo kambaryje.	Don't forget to open the window in your room.	kambaryje	4	kambarys	Ncmsln-
Núotrauka ỹra šiojè knỹgoje.	Nuotrauka yra šioje knygoje.	The picture is in this book.	knygoje	3	knyga	Ncfsln-
Paródyk mán ką̃ tùri kišẽnėje.	Parodyk man ką turi kišenėje.	Show me what you have in your pocket.	kišenėje	4	kišenė	Ncfsln-
Sáugokis. Kẽlyje ỹra skylė̃.	Saugokis. Kelyje yra skylė.	Look out! There's a hole in the road.	Kelyje	2	kelias	Ncmsln-
Tàvo draũgas ỹra kitamè kambaryjè.	Tavo draugas yra kitame kambaryje.	Your friend's in the other room.	kambaryje	4	kambarys	Ncmsln-
Tàvo tė́vas bùvo Parỹžiuje, ar̃ nè?	Tavo tėvas buvo Paryžiuje, ar ne?	Your father has been in Paris, hasn't he?	Paryžiuje	3	Paryžius	Npmslng
Tòmas ỹra geriáusias žaidė́jas komándoje.	Tomas yra geriausias žaidėjas komandoje.	Tom is the best player on the team.	komandoje	4	komanda	Ncfsln-
Visamè pasáulyje bùvo taikà.	Visame pasaulyje buvo taika.	There was peace all over the world.	pasaulyje	1	pasaulis	Ncmsln-
Ar̃ gãli ateitì sekmãdienį vakarè?	Ar gali ateiti sekmadienį vakare?	Can you come on Sunday evening?	vakare	4	vakaras	Ncmsln-
Ar̃ jì dìrba virtùvėje?	Ar ji dirba virtuvėje?	Does she work in the kitchen?	virtuvėje	3	virtuvė	Ncfsln-
Àš maniaũ kàd virtùvėje niẽko nebùvo.	Aš maniau kad virtuvėje nieko nebuvo.	I thought there was nobody in the kitchen.	virtuvėje	3	virtuvė	Ncfsln-
Àš miegù sàvo kambaryjè.	Aš miegu savo kambaryje.	I sleep in my room.	kambaryje	3	kambarys	Ncmsln-
Àš nebuvaũ paténkintas gyvẽnimu Parỹžiuje.	Aš nebuvau patenkintas gyvenimu Paryžiuje.	I was not satisfied with life in Paris.	Paryžiuje	4	Paryžius	Npmslng
Àš niekadà nesitikė́jau sutiktì ją̃ tokiojè viẽtoje.	Aš niekada nesitikėjau sutikti ją tokioje vietoje.	I never expected to meet her in a place like that.	vietoje	6	vieta	Ncfsln-
Àš visadà norė́jau gyvénti tokiojè viẽtoje.	Aš visada norėjau gyventi tokioje vietoje.	I've always wanted to live in a place like this.	vietoje	5	vieta	Ncfsln-
Jiẽ ỹra virtùvėje.	Jie yra virtuvėje.	They are in the kitchen.	virtuvėje	2	virtuvė	Ncfsln-
Jìs ỹra kažkur̃ párke.	Jis yra kažkur parke.	He's somewhere in the park.	parke	3	parkas	Ncmsln-
Màno sesuõ gamìna maĩstą virtùvėje.	Mano sesuo gamina maistą virtuvėje.	My sister is cooking in the kitchen.	virtuvėje	4	virtuvė	Ncfsln-
Mū́sų katė̃ ỹra virtùvėje.	Mūsų katė yra virtuvėje.	Our cat is in the kitchen.	virtuvėje	3	virtuvė	Ncfsln-
Niekadà nežinaĩ, kàs atsitìks ateityjè.	Niekada nežinai, kas atsitiks ateityje.	You never can tell what'll happen in the future.	ateityje	5	ateitis	Ncfsln-
Šiamè kambaryjè negãlima rūkýti.	Šiame kambaryje negalima rūkyti.	Smoking is not allowed in this room.	kambaryje	1	kambarys	Ncmsln-
Tòmas kažką̃ tùri sàvo rañkoje.	Tomas kažką turi savo rankoje.	Tom has something in his hand.	rankoje	4	ranka	Ncfsln-
Tòmas mė́gsta vakarè žiūrė́ti televìziją.	Tomas mėgsta vakare žiūrėti televiziją.	Tom likes watching TV in the evening.	vakare	2	vakaras	Ncmsln-
Tù esì pàts svarbiáusias asmuõ màno gyvẽnime.	Tu esi pats svarbiausias asmuo mano gyvenime.	You're the most important person in my life.	gyvenime	6	gyvenimas	Ncmsln-
Virtùvėje ỹra katė̃.	Virtuvėje yra katė.	There is a cat in the kitchen.	Virtuvėje	0	virtuvė	Ncfsln-
Visì màno šeimojè ỹra laimìngi.	Visi mano šeimoje yra laimingi.	Everyone in my family is happy.	šeimoje	2	šeima	Ncfsln-
Žiūrė́k! Virtùvėje ỹra katė̃.	Žiūrėk! Virtuvėje yra katė.	Look! There's a cat in the kitchen.	Virtuvėje	2	virtuvė	Ncfsln-
Ar̃ rimtaĩ galvóji pirktì kompiùterį šiojè parduotùvėje?	Ar rimtai galvoji pirkti kompiuterį šioje parduotuvėje?	Are you seriously thinking about buying a computer from that store?	parduotuvėje	6	parduotuvė	Ncfsln-
Ar̃ tù sakaĩ kàd màno gyvýbė ỹra pavõjuje?	Ar tu sakai kad mano gyvybė yra pavojuje?	Are you saying that my life is in danger?	pavojuje	7	pavojus	Ncmsln-
Àš buvaũ voniojè.	Aš buvau vonioje.	I was in the bath.	vonioje	2	vonia	Ncfsln-
Àš galvójau, kàd Tòmas bùvo pavõjuje.	Aš galvojau, kad Tomas buvo pavojuje.	I thought Tom was in danger.	pavojuje	6	pavojus	Ncmsln-
Àš maniaũ, kàd Tòmas bùvo pavõjuje.	Aš maniau, kad Tomas buvo pavojuje.	I thought Tom was in danger.	pavojuje	6	pavojus	Ncmsln-
Jì šiuõ metù ỹra pavõjuje.	Ji šiuo metu yra pavojuje.	She is currently in danger.	pavojuje	4	pavojus	Ncmsln-
Jìs mė́gsta dirbtì sodè.	Jis mėgsta dirbti sode.	He likes to work in the garden.	sode	3	sodas	Ncmsln-
Jų̃ dukrà mókosi tojè mokỹkloje.	Jų dukra mokosi toje mokykloje.	Their daughter studies in that school.	mokykloje	4	mokykla	Ncfsln-
Kur̃ ỹra gražiáusia vietà pasáulyje?	Kur yra gražiausia vieta pasaulyje?	Where is the most beautiful place in the world?	pasaulyje	4	pasaulis	Ncmsln-
Màno dukrà mókosi tojè mokỹkloje.	Mano dukra mokosi toje mokykloje.	My daughter studies in that school.	mokykloje	4	mokykla	Ncfsln-
Pasáulyje ỹra daugiaũ neĩ keturì tū́kstančiai kalbų̃.	Pasaulyje yra daugiau nei keturi tūkstančiai kalbų.	There are more than 4,000 languages in the world.	Pasaulyje	0	pasaulis	Ncmsln-
Pasáulyje ỹra daugiaũ neĩ septynì tū́kstančiai kalbų̃.	Pasaulyje yra daugiau nei septyni tūkstančiai kalbų.	There are more than seven thousand languages in the world.	Pasaulyje	0	pasaulis	Ncmsln-
Polìcija bùvo į́vykio viẽtoje.	Policija buvo įvykio vietoje.	The police were on the scene of the accident.	vietoje	3	vieta	Ncfsln-
Tù esì pavõjuje.	Tu esi pavojuje.	You're in danger.	pavojuje	2	pavojus	Ncmsln-
Vandẽnyje ỹra kraũjo.	Vandenyje yra kraujo.	There's blood in the water.	Vandenyje	0	vanduo	Ncmsln-
Ar̃ jū́sų kambaryjè ỹra stãlas?	Ar jūsų kambaryje yra stalas?	Do you have a table in your room?	kambaryje	2	kambarys	Ncmsln-
Bažnýčia ỹra kitõj gãtvės pùsėj.	Bažnyčia yra kitoj gatvės pusėj.	The church is on the other side of the street.	pusėj	4	pusė	Ncfsln-
Jiẽ sė́di virtùvėje ir̃ gẽria arbãtą.	Jie sėdi virtuvėje ir geria arbatą.	They are sitting in the kitchen and drinking tea.	virtuvėje	2	virtuvė	Ncfsln-
Jì nekeñčia kéltis ankstì rytè.	Ji nekenčia keltis anksti ryte.	She hates getting up early in the morning.	ryte	4	rytas	Ncmsln-
Jì niekadà nesimókė mokỹkloje.	Ji niekada nesimokė mokykloje.	They never studied in school.	mokykloje	3	mokykla	Ncfsln-
Jì sė́di virtùvėje ir̃ gẽria arbãtą.	Ji sėdi virtuvėje ir geria arbatą.	She's sitting in the kitchen and drinking tea.	virtuvėje	2	virtuvė	Ncfsln-
Láukiau jõ stotyjè vãlandą laĩko, bèt jìs nepasiródė.	Laukiau jo stotyje valandą laiko, bet jis nepasirodė.	I waited for him at the station for an hour, but he didn't show up.	stotyje	2	stotis	Ncfsln-
Màno kambaryjè ỹra labaĩ šil̃ta.	Mano kambaryje yra labai šilta.	It's very warm in my room.	kambaryje	1	kambarys	Ncmsln-
Nãmo vidujè bùvo malonù ir̃ šil̃ta.	Namo viduje buvo malonu ir šilta.	It was nice and warm inside the house.	viduje	1	vidus	Ncmsln-
Prašaũ laikýkite omenỹ tą̃ ką̃ àš pasakiaũ.	Prašau laikykite omeny tą ką aš pasakiau.	Please bear in mind what I said.	omeny	2	omenis	Ncfsln-
Ar̃ tù pamiršaĩ sàvo ginklùs automobìlyje?	Ar tu pamiršai savo ginklus automobilyje?	Did you forget your weapons in the car?	automobilyje	5	automobilis	Ncmsln-
Àš dìrbu bánke.	Aš dirbu banke.	I work in a bank.	banke	2	bankas	Ncmsln-
Àš susipažinaũ sù jà Prancūzìjoje.	Aš susipažinau su ja Prancūzijoje.	I got acquainted with her in France.	Prancūzijoje	4	Prancūzija	Npfslng
Jì dìrba bánke.	Ji dirba banke.	She works at a bank.	banke	2	bankas	Ncmsln-
Jìs dìrba bánke.	Jis dirba banke.	He works at a bank.	banke	2	bankas	Ncmsln-
Jìs gìmė Ãfrikoje.	Jis gimė Afrikoje.	He was born in Africa.	Afrikoje	2	Afrika	Npfslng
Jõ pinigaĩ ỹra bánke.	Jo pinigai yra banke.	His money is in the bank.	banke	3	bankas	Ncmsln-
Jū́roje ỹra salõs.	Jūroje yra salos.	There are islands in the sea.	Jūroje	0	jūra	Ncfsln-
Ką̃ tù darýtum, jéi bū́tum jõ viẽtoje?	Ką tu darytum, jei būtum jo vietoje?	What would you do in his position?	vietoje	7	vieta	Ncfsln-
Kodė̃l Tòmo nėrà mašìnoje?	Kodėl Tomo nėra mašinoje?	Why isn't Tom in the car?	mašinoje	3	mašina	Ncfsln-
Labaĩ mažaĩ žmonių̃ pastebė́jo, kàd jõs nebùvo vakarė̃lyje.	Labai mažai žmonių pastebėjo, kad jos nebuvo vakarėlyje.	Few people noticed her absence from the party.	vakarėlyje	8	vakarėlis	Ncmsln-
Mẽs visì ẽsame tojè pačiojè situãcijoje.	Mes visi esame toje pačioje situacijoje.	We are all in the same situation.	pačioje	4	situacija	Ncfsln-
Mū́sų gãtvėje gyvẽna daũg įvairių̃ žmonių̃.	Mūsų gatvėje gyvena daug įvairių žmonių.	Many kinds of people live on our street.	gatvėje	1	gatvė	Ncfsln-
Niekadà nebuvaũ Euròpoje.	Niekada nebuvau Europoje.	I've never been to Europe.	Europoje	2	Europa	Npfslng
Salõs ỹra jū́roje.	Salos yra jūroje.	There are islands in the sea.	jūroje	2	jūra	Ncfsln-
Tàs mokinỹs gyvẽna tamè kambaryjè.	Tas mokinys gyvena tame kambaryje.	That student lives in that room.	kambaryje	4	kambarys	Ncmsln-
Tòmas ỹra geriáusias mokinỹs mū́sų klãsėje.	Tomas yra geriausias mokinys mūsų klasėje.	Tom is the best student in our class.	klasėje	5	klasė	Ncfsln-
Àš gavaĩ peñkerius metùs kalė́jime.	Aš gavai penkerius metus kalėjime.	I got five years in prison.	kalėjime	4	kalėjimas	Ncmsln-
Àš jái papãsakojau ką̃ jìs dãrė jõs kambaryjè.	Aš jai papasakojau ką jis darė jos kambaryje.	I told her what he was doing in her room.	kambaryje	7	kambarys	Ncmsln-
Jìs mìrė mū̃šyje.	Jis mirė mūšyje.	He died in battle.	mūšyje	2	mūšis	Ncmsln-
Jìs tùri dė̃dę kurìs dìrba bánke.	Jis turi dėdę kuris dirba banke.	He's got an uncle who works in a bank.	banke	5	bankas	Ncmsln-
Mẽs čià atvỹkome šẽštą vãkar vakarè.	Mes čia atvykome šeštą vakar vakare.	We arrived here at six yesterday evening.	vakare	5	vakaras	Ncmsln-
Ar̃ tù žinaĩ kokiojè viẽtoje jìs galė́jo paslėptì sàvo pìnigus?	Ar tu žinai kokioje vietoje jis galėjo paslėpti savo pinigus?	Do you know where he could have hidden his money?	vietoje	4	vieta	Ncfsln-
Àš nóriu dirbtì kompãnijoje.	Aš noriu dirbti kompanijoje.	I want to work in a company.	kompanijoje	3	kompanija	Ncfsln-
Gyvẽnimas káime nè visadà bū̃na ramùs.	Gyvenimas kaime ne visada būna ramus.	Life in the country is not always tranquil.	kaime	1	kaimas	Ncmsln-
Jéi tù tìk žinótum kokiojè àš situãcijoje.	Jei tu tik žinotum kokioje aš situacijoje.	If you only knew what kind of a situation I am in.	situacijoje	6	situacija	Ncfsln-
Jiẽ gyvẽno káime kãro metù.	Jie gyveno kaime karo metu.	They lived in the countryside during the war.	kaime	2	kaimas	Ncmsln-
Jì gyvẽna káime.	Ji gyvena kaime.	She lives in the village.	kaime	2	kaimas	Ncmsln-
Jì pradiñgo tamsojè.	Ji pradingo tamsoje.	She disappeared in the dark.	tamsoje	2	tamsa	Ncfsln-
Mán nepatiñka gyvénti káime.	Man nepatinka gyventi kaime.	I don't like living in the country.	kaime	3	kaimas	Ncmsln-
Mokiniaĩ mókosi mokỹkloje.	Mokiniai mokosi mokykloje.	Students study in school.	mokykloje	2	mokykla	Ncfsln-
Neléisk šùniui miegóti mū́sų lóvoje.	Neleisk šuniui miegoti mūsų lovoje.	Don't let the dog sleep in our bed.	lovoje	4	lova	Ncfsln-
Nusipirkaũ skrýbėlę šiojè parduotùvėje.	Nusipirkau skrybėlę šioje parduotuvėje.	I bought a hat at the store.	parduotuvėje	3	parduotuvė	Ncfsln-
Susìtariau susitìkti sù jà peñktą vãlandą stotyjè.	Susitariau susitikti su ja penktą valandą stotyje.	I arranged a meeting on the train station with her at five o'clock	stotyje	6	stotis	Ncfsln-
Norė́čiau taptì arbà daktarè, arbà seselè, arbà mókytoja.	Norėčiau tapti arba daktare, arba sesele, arba mokytoja.	I want to be a doctor or a nurse or a teacher.	daktare	3	daktaras	Ncmsln-
Palìk manè ramýbėje, arbà iškviẽsiu polìciją!	Palik mane ramybėje, arba iškviesiu policiją!	Leave me alone or I'll call the police.	ramybėje	2	ramybė	Ncfsln-
Pasáulyje daũg žmonių̃ ỹra alkanì.	Pasaulyje daug žmonių yra alkani.	Many people in the world are hungry.	Pasaulyje	0	pasaulis	Ncmsln-
Tòmas tùri tẽtą kurì ỹra kalė́jime.	Tomas turi tetą kuri yra kalėjime.	Tom has an aunt who is in prison.	kalėjime	5	kalėjimas	Ncmsln-
Tòmas žìno, kàs ỹra Mãry.	Tomas žino, kas yra Mary.	Tom knows who Mary is.	Mary	5	Maris	Npmslnf
Vãkar vakarè àš gė́riau ãlų.	Vakar vakare aš gėriau alų.	I drank beer last night.	vakare	1	vakaras	Ncmsln-
Ar̃ jiẽ vãkar bùvo bibliotèkoje?	Ar jie vakar buvo bibliotekoje?	Were they in the library yesterday?	bibliotekoje	4	biblioteka	Ncfsln-
Àš buvaũ bibliotèkoje.	Aš buvau bibliotekoje.	I was at the library.	bibliotekoje	2	biblioteka	Ncfsln-
Àš pamačiaũ šviẽsą tùnelio galè.	Aš pamačiau šviesą tunelio gale.	I saw a light at the end of the tunnel.	gale	4	galas	Ncmsln-
Jõ mamà neprisìmena ką̃ jì rãdo tamè kambaryjè.	Jo mama neprisimena ką ji rado tame kambaryje.	His mum doesn't remember what she found in that room.	kambaryje	7	kambarys	Ncmsln-
Kaĩp tù galvóji, kodė̃l Tòmui labiaũ patiñka gyvénti káime?	Kaip tu galvoji, kodėl Tomui labiau patinka gyventi kaime?	Why do you think Tom prefers living in the country?	kaime	9	kaimas	Ncmsln-
Kokiamè namè Tòmas gyvẽna?	Kokiame name Tomas gyvena?	What kind of house does Tom live in?	name	1	namas	Ncmsln-
Kokiamè namè tù gyvenì?	Kokiame name tu gyveni?	What kind of house do you live in?	name	1	namas	Ncmsln-
Kokių̃ dalỹkų mókaisi mokỹkloje?	Kokių dalykų mokaisi mokykloje?	What subjects do you study at school?	mokykloje	3	mokykla	Ncfsln-
Liùsė turė́tų dabar̃ būtì virtùvėje.	Liusė turėtų dabar būti virtuvėje.	Lucy should be in the kitchen now.	virtuvėje	4	virtuvė	Ncfsln-
Nežaĩsk beĩsbolo párke.	Nežaisk beisbolo parke.	Don't play baseball in the park.	parke	2	parkas	Ncmsln-
Àš turiù kẽletą draugų̃ Bòstone.	Aš turiu keletą draugų Bostone.	I have several friends in Boston.	Bostone	4	Bostonas	Npmslng
Džònas ỹra prancū̃zų literatū̃ros profèsorius Òksfordo Universitetè.	Džonas yra prancūzų literatūros profesorius Oksfordo Universitete.	John is professor of French literature at Oxford and his wife is French.	Universitete	6	universitetas	Ncmsln-
Jiẽ sėdė́jo añt sòfos mū́sų svetaĩnėje.	Jie sėdėjo ant sofos mūsų svetainėje.	They were sitting on the sofa in our living room.	svetainėje	5	svetainė	Ncfsln-
Jìs lìko lóvoje todė̃l kàd jìs jaũtėsi nekaĩp.	Jis liko lovoje todėl kad jis jautėsi nekaip.	He stayed in bed because he wasn't feeling well.	lovoje	2	lova	Ncfsln-
Kaĩp tù susipažinaĩ sù Merè?	Kaip tu susipažinai su Mere?	How did you get to know Mary?	Mere	4	meras	Ncmsln-
Prancūzijà ỹra Vakarų̃ Euròpoje.	Prancūzija yra Vakarų Europoje.	France is in Western Europe.	Europoje	3	Europa	Npfslng
Šiojè šalyjè vidutìnis vaikų̃ skaĩčius šeĩmai nukrìto nuõ dviejų̃ ikì víeno sù pusè.	Šioje šalyje vidutinis vaikų skaičius šeimai nukrito nuo dviejų iki vieno su puse.	In this country the average number of children per family fell from 2 to 1.5.	šalyje	1	šalis	Ncfsln-
Tòmas dabar̃ gyvẽna Bòstone.	Tomas dabar gyvena Bostone.	Tom now lives in Boston.	Bostone	3	bostonas	Ncmsln-
Viẽtoje bùvo dẽšimt polìcininkų.	Vietoje buvo dešimt policininkų.	There were ten police officers on the spot.	Vietoje	0	vieta	Ncfsln-
Ar̃ šiamè viẽšbutyje ỹra tèniso kòrtas?	Ar šiame viešbutyje yra teniso kortas?	Do you have a tennis court in this hotel?	viešbutyje	2	viešbutis	Ncmsln-
Àš gimiaũ Kìnijoje.	Aš gimiau Kinijoje.	I was born in China.	Kinijoje	2	Kinija	Npfslng
Àš gyvenù mažamè miestè.	Aš gyvenu mažame mieste.	I live in a small town.	mieste	3	miestas	Ncmsln-
Àš pasiklýdau miškè.	Aš pasiklydau miške.	I got lost in the forest.	miške	2	miškas	Ncmsln-
Àš turiù draũgą, kurìs gyvẽna Vokietìjoje. Jõ var̃das Tòmas. Pažį́sti jį̃?	Aš turiu draugą, kuris gyvena Vokietijoje. Jo vardas Tomas. Pažįsti jį?	I have a friend who lives in Germany. His name is Tom. Do you know him?	Vokietijoje	6	Vokietija	Npfslng
Gyvẽnime ỹra svarbesnių̃ dalỹkų.	Gyvenime yra svarbesnių dalykų.	There are more important things in life.	Gyvenime	0	gyvenimas	Ncmsln-
Jì aplañkė sàvo výrą kalė́jime.	Ji aplankė savo vyrą kalėjime.	She visited her husband in prison.	kalėjime	4	kalėjimas	Ncmsln-
Jìs užáugo mažamè miestẽlyje.	Jis užaugo mažame miestelyje.	He grew up in a small town.	miestelyje	3	miestelis	Ncmsln-
Jì užáugo mažamè miestẽlyje.	Ji užaugo mažame miestelyje.	She grew up in a small town.	miestelyje	3	miestelis	Ncmsln-
Ką̃ jìs rãšo laiškè?	Ką jis rašo laiške?	What does he say in his letter?	laiške	3	laiškas	Ncmsln-
Kálno viršū́nėje bùvo bókštas.	Kalno viršūnėje buvo bokštas.	There was a tower on the top of the mountain.	viršūnėje	1	viršūnė	Ncfsln-
Maĩstas ỹra pigùs Vokietìjoje.	Maistas yra pigus Vokietijoje.	Food is cheap in Germany.	Vokietijoje	3	Vokietija	Npfslng
Mėnùlyje nėrà óro.	Mėnulyje nėra oro.	There's no air on the moon.	Mėnulyje	0	mėnulis	Ncmsln-
Niujòrke ỹra daũg japònų restorãnų.	Niujorke yra daug japonų restoranų.	There are many Japanese restaurants in New York.	Niujorke	0	Niujorkas	Npmslng
Pláukioti šiojè ùpėje ỹra pavojìnga.	Plaukioti šioje upėje yra pavojinga.	It's dangerous to swim in this river.	upėje	2	upė	Ncfsln-
Šiamè pasáulyje ỹra dalỹkų kuriẽ tiesióg negãli būtì išreikštì žõdžiais.	Šiame pasaulyje yra dalykų kurie tiesiog negali būti išreikšti žodžiais.	There are things in this world which simply cannot be expressed in the form of words.	pasaulyje	1	pasaulis	Ncmsln-
Šiojè ùpėje pláukioti ỹra pavojìnga.	Šioje upėje plaukioti yra pavojinga.	That river is dangerous to swim in.	upėje	1	upė	Ncfsln-
Šìs automobìlis bùvo pagamìntas Japònijoje.	Šis automobilis buvo pagamintas Japonijoje.	This car was made in Japan.	Japonijoje	4	Japonija	Npfslng
Šiuõ metù Tòmas móko ánglų kalbõs Japònijoje.	Šiuo metu Tomas moko anglų kalbos Japonijoje.	Tom currently teaches English in Japan.	Japonijoje	6	Japonija	Npfslng
Taĩ ỹra aukščiáusias bókštas Japònijoje.	Tai yra aukščiausias bokštas Japonijoje.	This is the tallest tower in Japan.	Japonijoje	4	Japonija	Npfslng
Táu ỹra pavojìnga pláukioti šiojè ùpėje.	Tau yra pavojinga plaukioti šioje upėje.	It is dangerous for you to swim in this river.	upėje	5	upė	Ncfsln-
Àš gimiaũ Rùsijoje.	Aš gimiau Rusijoje.	I was born in Russia.	Rusijoje	2	Rusija	Npfslng
Àš negaliù pakabìnti pavéikslo sàvo biurè. Taĩ ỹra draudžiamà.	Aš negaliu pakabinti paveikslo savo biure. Tai yra draudžiama.	I cannot hang a picture in my office. It's forbidden.	biure	5	biuras	Ncmsln-
Jì dãro pačiùs geriáusius sumuštiniùs pasáulyje.	Ji daro pačius geriausius sumuštinius pasaulyje.	She makes the best sandwiches in the world.	pasaulyje	5	pasaulis	Ncmsln-
Kárvės ỹra fer̃moje.	Karvės yra fermoje.	The cows are on the farm.	fermoje	2	ferma	Ncfsln-
Màno dė̃dė bùvo vieniñtelis sùžeistas avãrijoje.	Mano dėdė buvo vienintelis sužeistas avarijoje.	My uncle was the only person injured in the car accident.	avarijoje	5	avarija	Ncfsln-
Mèksika ỹra valstýbė Šiáurės Amèrikoje.	Meksika yra valstybė Šiaurės Amerikoje.	Mexico is a country in North America.	Amerikoje	4	Amerika	Npfslng
Põ dvejų̃ minùčių mū́sų automobìlyje baĩgėsi degalaĩ.	Po dvejų minučių mūsų automobilyje baigėsi degalai.	Our car ran out of gas after two minutes.	automobilyje	4	automobilis	Ncmsln-
Šuõ gùli añt sòfos, õ àš guliù lóvoj.	Šuo guli ant sofos, o aš guliu lovoj.	The dog is lying on the sofa and I'm lying in bed.	lovoj	8	lova	Ncfsln-
Taĩ jì dìrba šiamè fabrikè, ar̃ nè?	Tai ji dirba šiame fabrike, ar ne?	So she works at this factory, does she?	fabrike	4	fabrikas	Ncmsln-
Ar̃ kadà nórs buvaĩ ùžsienyje?	Ar kada nors buvai užsienyje?	Have you been abroad?	buvai	3	užsienis	Ncmsln-
Àš dìrbau šitojè gamỹkloje.	Aš dirbau šitoje gamykloje.	I worked in this factory.	gamykloje	3	gamykla	Ncfsln-
Àš girdė́jau kàd jõ tė́vas ỹra ùžsienyje.	Aš girdėjau kad jo tėvas yra užsienyje.	I hear that his father is abroad.	užsienyje	6	užsienis	Ncmsln-
Àš pažiūrė́jau į̃ savè véidrodyje ir̃ mán nepatìko taĩ, ką̃ pamačiaũ.	Aš pažiūrėjau į save veidrodyje ir man nepatiko tai, ką pamačiau.	I looked at myself in the mirror and I didn't like what I saw.	veidrodyje	4	veidrodis	Ncmsln-
Dangujè švỹti daugýbė žvaigždžių̃.	Danguje švyti daugybė žvaigždžių.	Many stars shine in the heavens.	Danguje	0	dangus	Ncmsln-
Jiẽ gyvẽna naujamè namè priẽ párko.	Jie gyvena naujame name prie parko.	They live in a new house near the park.	name	3	namas	Ncmsln-
Jìs bùvo Ìndijoje.	Jis buvo Indijoje.	He has been to India.	Indijoje	2	Indija	Npfslng
Jìs mán pažadė́jo kàd jìs bùs atsargèsnis ateityjè.	Jis man pažadėjo kad jis bus atsargesnis ateityje.	He promised me that he would be more careful in the future.	ateityje	7	ateitis	Ncfsln-
Jìs papãsakojo vaikáms apiẽ sàvo núotykius Ãfrikoje.	Jis papasakojo vaikams apie savo nuotykius Afrikoje.	He told the children about his adventures in Africa.	Afrikoje	6	Afrika	Npfslng
Màno tė́vas niekadà nebùvo ùžsienyje.	Mano tėvas niekada nebuvo užsienyje.	My father has never been abroad.	užsienyje	4	užsienis	Ncmsln-
Mèksikos sóstinė ỹra didžiáusias miẽstas Lotỹnų Amèrikoje.	Meksikos sostinė yra didžiausias miestas Lotynų Amerikoje.	The capital of Mexico is the largest city in Latin America.	Amerikoje	6	Amerika	Npfslng
Mėnùlyje nėrà atmosfèros.	Mėnulyje nėra atmosferos.	The moon has no atmosphere.	Mėnulyje	0	mėnulis	Ncmsln-
Pažiūrė́k į̃ savè véidrodyje.	Pažiūrėk į save veidrodyje.	Look at yourself in the mirror.	veidrodyje	3	veidrodis	Ncmsln-
Vãkar rytè stipriaĩ lìjo.	Vakar ryte stipriai lijo.	It rained hard yesterday morning.	ryte	1	rytas	Ncmsln-
Vãkar vìsą diẽną gulė́jau lóvoje.	Vakar visą dieną gulėjau lovoje.	I was in bed all day long yesterday.	lovoje	4	lova	Ncfsln-
Jìs augìno bùlves sàvo sodè.	Jis augino bulves savo sode.	He grew potatoes in his garden.	sode	4	sodas	Ncmsln-
Jūreĩvis daugiáusia laĩko praléidžia jū́roje.	Jūreivis daugiausia laiko praleidžia jūroje.	A sailor is at sea much of the time.	jūroje	4	jūra	Ncfsln-
Jūreĩvis daũg laĩko praléidžia jū́roje.	Jūreivis daug laiko praleidžia jūroje.	A sailor is at sea much of the time.	jūroje	4	jūra	Ncfsln-
Kaĩ jiẽ ỹra pavõjuje, jiẽ pabė́ga.	Kai jie yra pavojuje, jie pabėga.	When they are in danger, they run away.	pavojuje	3	pavojus	Ncmsln-
Kitamè gãtvės galè ỹra vaikų̃ daržẽlis.	Kitame gatvės gale yra vaikų darželis.	There is a kindergarten at the other end of the street.	gale	2	galas	Ncmsln-
Laikýk pìnigus saugiojè viẽtoje.	Laikyk pinigus saugioje vietoje.	Keep the money in a safe place.	vietoje	3	vieta	Ncfsln-
Mẽs ilgaĩ láukėm párke.	Mes ilgai laukėm parke.	We waited in the park for a long time.	parke	3	parkas	Ncmsln-
Pagal̃ reñtgeno núotrauką, vìskas ỹra tvarkojè.	Pagal rentgeno nuotrauką, viskas yra tvarkoje.	According to the X-ray, everything is all right.	tvarkoje	6	tvarka	Ncfsln-
Pažiūrė́kime kàs dẽdasi šiojè didelėjè šalyjè.	Pažiūrėkime kas dedasi šioje didelėje šalyje.	Let's see what's happening in this big country.	šalyje	5	šalis	Ncfsln-
Pradė́jo smar̃kiai lỹti. Dė̃l tõ mẽs žaĩdėme vidujè.	Pradėjo smarkiai lyti. Dėl to mes žaidėme viduje.	It started raining hard. Because of that, we played inside.	viduje	8	vidus	Ncmsln-
Rùsija ỹra patì didžiáusia šalìs pasáulyje, õ Vatikãnas ỹra patì mažiáusia šalìs pasáulyje.	Rusija yra pati didžiausia šalis pasaulyje, o Vatikanas yra pati mažiausia šalis pasaulyje.	Russia is the biggest state in the world, and The Vatican is the smallest state in the world.	pasaulyje	5	pasaulis	Ncmsln-
Rùsija ỹra patì didžiáusia šalìs pasáulyje, õ Vatikãnas ỹra patì mažiáusia šalìs pasáulyje.	Rusija yra pati didžiausia šalis pasaulyje, o Vatikanas yra pati mažiausia šalis pasaulyje.	Russia is the biggest state in the world, and The Vatican is the smallest state in the world.	pasaulyje	13	pasaulis	Ncmsln-
Sánkryžoje pasùk į̃ dẽšinę.	Sankryžoje pasuk į dešinę.	Turn right at the crossroad.	Sankryžoje	0	sankryža	Ncfsln-
Vanduõ blìzga sáulėje.	Vanduo blizga saulėje.	Water glitters in the sunlight.	saulėje	2	saulė	Ncfsln-
Àš gimiaũ Asmãroje.	Aš gimiau Asmaroje.	I was born in Asmara.	Asmaroje	2	Asmara	Npfslng
Àš nóriu gyvénti Brazìlijoje.	Aš noriu gyventi Brazilijoje.	I want to live in Brazil.	Brazilijoje	3	Brazilija	Npfslng
Àš sutikaĩ Mèrę ir̃ Džòną kaĩ buvaũ Lòndone.	Aš sutikai Merę ir Džoną kai buvau Londone.	I met Mary and John when in London.	Londone	7	Londonas	Npmslng
Àš visadà tą̃ nešióju sàvo kišẽnėje.	Aš visada tą nešioju savo kišenėje.	I always carry it in my pocket.	kišenėje	5	kišenė	Ncfsln-
Berniùkas tùri óbuolį kišẽnėje.	Berniukas turi obuolį kišenėje.	The boy has an apple in his pocket.	kišenėje	3	kišenė	Ncfsln-
Jì nemė́go gyvẽnimo miestè.	Ji nemėgo gyvenimo mieste.	She didn't like city life.	mieste	3	miestas	Ncmsln-
Jì palìko sàvo skė̃tį traukinyjè.	Ji paliko savo skėtį traukinyje.	She left her umbrella in the train.	traukinyje	4	traukinys	Ncmsln-
Kadángi jìs jaũtėsi ligótas, jìs lìko lóvoje.	Kadangi jis jautėsi ligotas, jis liko lovoje.	Since he was feeling sick, he stayed in bed.	lovoje	7	lova	Ncfsln-
Mẽs válgome pùsryčius virtùvėje.	Mes valgome pusryčius virtuvėje.	We have breakfast in the kitchen.	virtuvėje	3	virtuvė	Ncfsln-
Šì mãža mergáitė gyvẽna Brazìlijoje.	Ši maža mergaitė gyvena Brazilijoje.	This little girl lives in Brazil.	Brazilijoje	4	Brazilija	Npfslng
Dìrbu ambasãdoje.	Dirbu ambasadoje.	I work at the embassy.	ambasadoje	1	ambasada	Ncfsln-
Ką̃ jū̃s darýtumėte, jéi bū́tumėte jõ viẽtoje?	Ką jūs darytumėte, jei būtumėte jo vietoje?	What would you do in his position?	vietoje	7	vieta	Ncfsln-
Kàs tàs asmuõ sė́dintis kitamè stãlo galè?	Kas tas asmuo sėdintis kitame stalo gale?	Who's the person sitting at the other end of the table?	gale	6	galas	Ncmsln-
Mán nesinóri dirbtì; gál viẽtoj tõ nueĩkime į̃ kìną?	Man nesinori dirbti; gal vietoj to nueikime į kiną?	I don't feel like working; what about going to a cinema instead?	vietoj	5	vieta	Ncfsln-
Mẽs gyvẽname taikojè.	Mes gyvename taikoje.	We live in peace.	taikoje	2	taika	Ncfsln-
Mókytojas ir̃ mokiniaĩ ỹra pavéikslų galèrijoje.	Mokytojas ir mokiniai yra paveikslų galerijoje.	The teacher and the students are at the art museum.	galerijoje	5	galerija	Ncfsln-
Pasáulyje daũg žmonių̃ skùndžiasi kàd jiẽ netùri laĩko skaitýti.	Pasaulyje daug žmonių skundžiasi kad jie neturi laiko skaityti.	Many people in the world complain that they don't have time to read.	Pasaulyje	0	pasaulis	Ncmsln-
Tòmas ir̃ Mèrė vìs dár biurè. Šiañdien jiẽ abù planúoja dirbtì ikì vėlumõs.	Tomas ir Merė vis dar biure. Šiandien jie abu planuoja dirbti iki vėlumos.	Tom and Mary are still in their offices. Both of them plan to work late today.	biure	5	biuras	Ncmsln-
Àš niekadà nesù bùvęs Tur̃kijoje.	Aš niekada nesu buvęs Turkijoje.	I have never been to Turkey.	Turkijoje	4	Turkija	Npfslng
Àš niekadà nesù bùvusi Tur̃kijoje.	Aš niekada nesu buvusi Turkijoje.	I have never been to Turkey.	Turkijoje	4	Turkija	Npfslng
Jì sténgėsi jį̃ atkalbė́ti nuõ dalyvãvimo projektè.	Ji stengėsi jį atkalbėti nuo dalyvavimo projekte.	She tried to dissuade him from participating in the project.	projekte	6	projektas	Ncmsln-
Klãsėje palìko brangių̃ fotoaparãtą.	Klasėje paliko brangių fotoaparatą.	There was an expensive camera left in the classroom.	Klasėje	0	klasė	Ncfsln-
Kur̃ Tur̃kijoje tù gyvenì?	Kur Turkijoje tu gyveni?	Where in Turkey do you live?	Turkijoje	1	Turkija	Npfslng
Miestè gyvẽnantys žmónės káimo gyvẽnimo malonùmų nežìno.	Mieste gyvenantys žmonės kaimo gyvenimo malonumų nežino.	People living in town don't know the pleasures of country life.	Mieste	0	miestas	Ncmsln-
Nerūkýk šiamè kambaryjè.	Nerūkyk šiame kambaryje.	Don't smoke in this room.	kambaryje	2	kambarys	Ncmsln-
Žmónės Brazìlijoje juõ didžiãvosi.	Žmonės Brazilijoje juo didžiavosi.	People in Brazil were proud of him.	Brazilijoje	1	Brazilija	Npfslng
Àš esù Dubãjuje.	Aš esu Dubajuje.	I'm in Dubai.	Dubajuje	2	Dubajus	Npmslng
Àš turiù daũg draugų̃ gyvẽnančių Bòstone.	Aš turiu daug draugų gyvenančių Bostone.	I have a lot of friends living in Boston.	Bostone	5	bostonas	Ncmsln-
Bijójau pasiklýsti tamsojè.	Bijojau pasiklysti tamsoje.	I was afraid of getting lost in the dark.	tamsoje	2	tamsa	Ncfsln-
Esù labaĩ laimìnga Džòrdžijoje.	Esu labai laiminga Džordžijoje.	I am very happy in Georgia.	Džordžijoje	3	Džordžija	Npfslng
Esù labaĩ laimìngas Džòrdžijoje.	Esu labai laimingas Džordžijoje.	I am very happy in Georgia.	Džordžijoje	3	Džordžija	Npfslng
Euròpoje mókslo mẽtai mokỹklose prasìdeda rugsė́jį.	Europoje mokslo metai mokyklose prasideda rugsėjį.	School starts in September in Europe.	Europoje	0	Europa	Npfslng
Gyvéndamas Amèrikoje, àš žaidžiaũ gòlfą sù sàvo draugaĩs.	Gyvendamas Amerikoje, aš žaidžiau golfą su savo draugais.	When I lived in America I played golf with my friends.	Amerikoje	1	Amerika	Npfslng
Jìs pàėmė mẽdų viẽtoj cùkraus.	Jis paėmė medų vietoj cukraus.	He took honey instead of sugar.	vietoj	3	vieta	Ncfsln-
Jì tãpo polìcininke.	Ji tapo policininke.	She became a police officer.	policininke	2	policininkas	Ncmsln-
Palìk ją̃. Jái reĩkia kelių̃ minùčių vienãtvėje.	Palik ją. Jai reikia kelių minučių vienatvėje.	Leave her. She needs a few minutes alone.	vienatvėje	7	vienatvė	Ncfsln-
Rugsė́jį Škòtijoje gãli būtì labaĩ šil̃ta.	Rugsėjį Škotijoje gali būti labai šilta.	Scotland can be very warm in September.	Škotijoje	1	Škotija	Npfslng
Sunkù užkurtì mašìną rytè, kaĩ laukè šálta.	Sunku užkurti mašiną ryte, kai lauke šalta.	It's difficult to get the car going on cold mornings.	ryte	3	rytas	Ncmsln-
Táu nereikė́tų pláukioti tamè tvenkinyjè.	Tau nereikėtų plaukioti tame tvenkinyje.	You shouldn't swim in that pond.	tvenkinyje	4	tvenkinys	Ncmsln-
Tòmas bùvo nužudýtas tamsiamè sker̃sgatvyje.	Tomas buvo nužudytas tamsiame skersgatvyje.	Tom was killed in a dark alley.	skersgatvyje	4	skersgatvis	Ncmsln-
Tù dìrbi Milanè.	Tu dirbi Milane.	You work in Milan.	Milane	2	Milanas	Npmslng
Tù mãtai menè.	Tu matai mene.	You see me.	mene	2	menas	Ncmsln-
Vìsos kãtės ỹra pìlkos tamsojè.	Visos katės yra pilkos tamsoje.	All cats are grey in the dark.	tamsoje	4	tamsa	Ncfsln-
Ar̃ žmónės ỹra tar̃si žuvýtės akvãriume?	Ar žmonės yra tarsi žuvytės akvariume?	Are humans like goldfish in a fishbowl?	akvariume	5	akvariumas	Ncmsln-
Àš esù bùvęs Kanãdoje.	Aš esu buvęs Kanadoje.	I have been to Canada.	Kanadoje	3	Kanada	Npfslng
Àš tadà buvaũ Kanãdoje.	Aš tada buvau Kanadoje.	I was in Canada then.	Kanadoje	3	Kanada	Npfslng
Àš tàvo viẽtoje pasiel̃gčiau kitaĩp.	Aš tavo vietoje pasielgčiau kitaip.	I would act differently in your place.	vietoje	2	vieta	Ncfsln-
Dė̃l tõ jìs nedalyvãvo susitikimè.	Dėl to jis nedalyvavo susitikime.	He did not attend the meeting for that reason.	susitikime	4	susitikimas	Ncmsln-
Gyvenù mažamè káime peñkiasdešimt kilomètrų nuõ Lénkijos sóstinės.	Gyvenu mažame kaime penkiasdešimt kilometrų nuo Lenkijos sostinės.	I live in a small village fifty kilometers from the Polish capital.	kaime	2	kaimas	Ncmsln-
Itãlijoje ỹra daũg senóvinių miẽstų, pãvyzdžiui Romà ir̃ Venècija.	Italijoje yra daug senovinių miestų, pavyzdžiui Roma ir Venecija.	There are many ancient cities in Italy, Rome and Venice for example.	Italijoje	0	Italija	Npfslng
Japònijoje dažnaĩ vỹksta žẽmės drebė́jimai.	Japonijoje dažnai vyksta žemės drebėjimai.	Earthquakes frequently hit Japan.	Japonijoje	0	Japonija	Npfslng
Jìs apsilañkė Prancūzìjoje trìs kartùs.	Jis apsilankė Prancūzijoje tris kartus.	He has been to France three times.	Prancūzijoje	2	Prancūzija	Npfslng
Kanãdoje mẽs miẽgame añt lóvos õ nè añt grindų̃.	Kanadoje mes miegame ant lovos o ne ant grindų.	In Canada we sleep in a bed, not on the floor.	Kanadoje	0	Kanada	Npfslng
Kiekvíeną rýtą jìs máudosi voniojè.	Kiekvieną rytą jis maudosi vonioje.	He takes a bath each morning.	vonioje	4	vonia	Ncfsln-
Laĩvas pasiródė horizònte.	Laivas pasirodė horizonte.	The ship appeared on the horizon.	horizonte	2	horizontas	Ncmsln-
Miestè ỹra kelì gerì viẽšbučiai.	Mieste yra keli geri viešbučiai.	There are a few good hotels in town.	Mieste	0	miestas	Ncmsln-
Sakinyjè ỹra klaidà.	Sakinyje yra klaida.	There is a mistake in the sentence.	Sakinyje	0	sakinys	Ncmsln-
Šiáurės ašìgalyje pingvìnų nėrà.	Šiaurės ašigalyje pingvinų nėra.	At the North Pole, there are no penguins.	ašigalyje	1	ašigalis	Ncmsln-
Šiojè ùpėje žùvys jaũ nebegyvẽna.	Šioje upėje žuvys jau nebegyvena.	Fish have ceased to live in this river.	upėje	1	upė	Ncfsln-
Tù mãtai laĩvą horizònte?	Tu matai laivą horizonte?	Do you see a ship on the horizon?	horizonte	3	horizontas	Ncmsln-
Àk! Jéi àš bū́čiau turtìnga, àš sáu nusipir̃kčiau nãmą Ispãnijoje.	Ak! Jei aš būčiau turtinga, aš sau nusipirkčiau namą Ispanijoje.	Ah! If I were rich, I'd buy myself a house in Spain.	Ispanijoje	11	Ispanija	Npfslng
Àk! Jéi àš bū́čiau turtìngas, àš sáu nusipir̃kčiau nãmą Ispãnijoje.	Ak! Jei aš būčiau turtingas, aš sau nusipirkčiau namą Ispanijoje.	Ah! If I were rich, I'd buy myself a house in Spain.	Ispanijoje	11	Ispanija	Npfslng
Galvóju kàd mẽs vìs dár ẽsame Lénkijoje!	Galvoju kad mes vis dar esame Lenkijoje!	I think we are still in Poland!	Lenkijoje	6	Lenkija	Npfslng
Jiẽ dainãvo chorè.	Jie dainavo chore.	They sang in chorus.	chore	2	choras	Ncmsln-
Jiẽ gyvẽna labaĩ gražiamè namè.	Jie gyvena labai gražiame name.	They live in a very beautiful house.	name	4	namas	Ncmsln-
Jiẽ norė́jo pasidarýti vestùvinę núotrauką sù Eĩfelio bókštu fonè.	Jie norėjo pasidaryti vestuvinę nuotrauką su Eifelio bokštu fone.	They wanted a wedding picture in front of the Eiffel Tower.	fone	8	fonas	Ncmsln-
Jõs dainãvo chorè.	Jos dainavo chore.	They sang in chorus.	chore	2	choras	Ncmsln-
Kàs šiuõ metù vỹksta Lénkijoje?	Kas šiuo metu vyksta Lenkijoje?	What's happening now in Poland?	Lenkijoje	4	Lenkija	Npfslng
Màno puodẽlyje dár ỹra šil̃tos arbãtos.	Mano puodelyje dar yra šiltos arbatos.	There's still some warm tea in my cup.	puodelyje	1	puodelis	Ncmsln-
Màno puodẽlyje niẽko nėrà.	Mano puodelyje nieko nėra.	There's nothing in my cup.	puodelyje	1	puodelis	Ncmsln-
Mažamè puodẽlyje ỹra píeno.	Mažame puodelyje yra pieno.	There's some milk in the small cup.	puodelyje	1	puodelis	Ncmsln-
Mū́sų miestè ỹra daũg párkų.	Mūsų mieste yra daug parkų.	There are many parks in our town.	mieste	1	miestas	Ncmsln-
Radaũ jõs kãtę tuščiamè kambaryjè.	Radau jos katę tuščiame kambaryje.	I found her cat in an empty room.	kambaryje	4	kambarys	Ncmsln-
Šiamè planè nėrà jokių̃ ýdų.	Šiame plane nėra jokių ydų.	This plan has no flaws.	plane	1	planas	Ncmsln-
Tòmas paskam̃bino Mèrei viẽtoj Džòno.	Tomas paskambino Merei vietoj Džono.	Tom called Mary instead of John.	vietoj	3	vieta	Ncfsln-
Tòmas ỹra didžiùliame pavõjuje.	Tomas yra didžiuliame pavojuje.	Tom is in great danger.	pavojuje	3	pavojus	Ncmsln-
Daržè ỹra gražių̃ gėlių̃.	Darže yra gražių gėlių.	There are pretty flowers in the garden.	Darže	0	daržas	Ncmsln-
Kalbė́ti rãdijuje natūraliaĩ nėrà leñgva.	Kalbėti radijuje natūraliai nėra lengva.	It is not easy to speak naturally on the radio.	radijuje	1	radijas	Ncmsln-
Kóks ỹra minimalùs atlýginimas Rùsijoje?	Koks yra minimalus atlyginimas Rusijoje?	What's the minimum salary in Russia?	Rusijoje	4	Rusija	Npfslng
Màno senẽlis bùvo nužudýtas Antrãjame pasaulìniame karè.	Mano senelis buvo nužudytas Antrajame pasauliniame kare.	My grandfather was killed in World War II.	kare	6	karas	Ncmsln-
Praléidome vìsą diẽną pliažè.	Praleidome visą dieną pliaže.	We spent the entire day on the beach.	pliaže	3	pliažas	Ncmsln-
Tòmas bùvo užaugìntas Bòstone.	Tomas buvo užaugintas Bostone.	Tom was brought up in Boston.	Bostone	3	Bostonas	Npmslng
Àš apsilankiaũ Ròmoje pìrmą kar̃tą sàvo gyvẽnime.	Aš apsilankiau Romoje pirmą kartą savo gyvenime.	I visited Rome for the first time in my life.	Romoje	2	Roma	Npfslng
Àš apsilankiaũ Ròmoje pìrmą kar̃tą sàvo gyvẽnime.	Aš apsilankiau Romoje pirmą kartą savo gyvenime.	I visited Rome for the first time in my life.	gyvenime	6	gyvenimas	Ncmsln-
Àš kasrýt máudausi voniojè.	Aš kasryt maudausi vonioje.	I take a bath every morning.	vonioje	3	vonia	Ncfsln-
Àš máudžiausi voniojè kaĩ tù mán paskam̃binai.	Aš maudžiausi vonioje kai tu man paskambinai.	I was taking a bath when you called me.	vonioje	2	vonia	Ncfsln-
Jìs visadà sù manim̃ pasìkalba, kaĩ susitiñka manè gãtvėje.	Jis visada su manim pasikalba, kai susitinka mane gatvėje.	He always speaks to me when he meets me on the street.	gatvėje	9	gatvė	Ncfsln-
Jì tãpo pãštininke.	Ji tapo paštininke.	She became a postman.	paštininke	2	paštininkas	Ncmsln-
Šiojè knỹgoje ỹra daũg gražių̃ paveikslė̃lių.	Šioje knygoje yra daug gražių paveikslėlių.	This book has many beautiful pictures.	knygoje	1	knyga	Ncfsln-
Šiojè pamokojè išmóksime abėcė̃lę.	Šioje pamokoje išmoksime abėcėlę.	We'll learn the alphabet in this lesson.	pamokoje	1	pamoka	Ncfsln-
Tiesióg buvaĩ blogojè viẽtoje, blogù metù.	Tiesiog buvai blogoje vietoje, blogu metu.	You were just in the wrong place at the wrong time.	vietoje	3	vieta	Ncfsln-
Vienamè mė́nesyje ỹra kẽturios saváitės.	Viename mėnesyje yra keturios savaitės.	In one month there are four weeks.	mėnesyje	1	mėnuo	Ncmsln-
Àš nusìvedžiau Tòmą į̃ sàvo mėgstamiáusią restorãną Bòstone.	Aš nusivedžiau Tomą į savo mėgstamiausią restoraną Bostone.	I took Tom to my favorite restaurant in Boston.	Bostone	7	Bostonas	Npmslng
Dangóraižis ỹra miẽsto centrè.	Dangoraižis yra miesto centre.	The skyscraper is in the center of the city.	centre	3	centras	Ncmsln-
Daũg jaunų̃ žmonių̃ Ispãnijoje ỹra bedar̃biai.	Daug jaunų žmonių Ispanijoje yra bedarbiai.	Many young people in Spain are unemployed.	Ispanijoje	3	Ispanija	Npfslng
Didžiõsios pándos gyvẽna tìk Kìnijoje.	Didžiosios pandos gyvena tik Kinijoje.	Giant pandas live only in China.	Kinijoje	4	Kinija	Npfslng
Esù labaĩ laimìnga Grùzijoje.	Esu labai laiminga Gruzijoje.	I am very happy in Georgia.	Gruzijoje	3	Gruzija	Npfslng
Esù labaĩ laimìngas Grùzijoje.	Esu labai laimingas Gruzijoje.	I am very happy in Georgia.	Gruzijoje	3	Gruzija	Npfslng
Jì gyvẽna mil̃žiniškame namè.	Ji gyvena milžiniškame name.	She lives in a huge house.	name	3	namas	Ncmsln-
Jìs retaĩ bū̃na gerojè núotaikoje.	Jis retai būna geroje nuotaikoje.	He is rarely in a good mood.	nuotaikoje	4	nuotaika	Ncfsln-
Jìs žùvo kãrio mirtimì kovojè ùž demokrãtiją.	Jis žuvo kario mirtimi kovoje už demokratiją.	He died a soldier's death in the battle in the cause of democracy.	kovoje	4	kova	Ncfsln-
Mokiniaĩ neprisìminė ką̃ jiẽ pérskaitė tojè knỹgoje.	Mokiniai neprisiminė ką jie perskaitė toje knygoje.	The students didn't remember what they read in that book.	knygoje	6	knyga	Ncfsln-
Šiõs bė̃dos bùs išsprę́stos netolimojè ateityjè.	Šios bėdos bus išspręstos netolimoje ateityje.	These problems will be solved in the near future.	ateityje	5	ateitis	Ncfsln-
Apelsìnai šiamè maišè ỹra supùvę.	Apelsinai šiame maiše yra supuvę.	The oranges in this bag are rotten.	maiše	2	maišas	Ncmsln-
Àš pláukiojau ùpėje.	Aš plaukiojau upėje.	I was swimming in the river.	upėje	2	upė	Ncfsln-
Avilyjè gãli būtì tìk vienà karalíenė	Avilyje gali būti tik viena karalienė	There can be only one queen in the hive.	Avilyje	0	Avilys	Npmslng
Floreñcija ỹra pàts gražiáusias miẽstas Itãlijoje.	Florencija yra pats gražiausias miestas Italijoje.	Florence is the most beautiful city in Italy.	Italijoje	5	Italija	Npfslng
Jõ šalyjè, gimtãdienį švenčiamà nè víeną diẽną, õ vìsą saváitę.	Jo šalyje, gimtadienį švenčiama ne vieną dieną, o visą savaitę.	In his country, a birthday was celebrated not just for a day, but for a whole week.	šalyje	1	šalis	Ncfsln-
Mán nepatiñka gyvénti tokiojè triukšmìngoje viẽtoje.	Man nepatinka gyventi tokioje triukšmingoje vietoje.	I dislike living in such a noisy place.	vietoje	5	vieta	Ncfsln-
Norė́čiau nusipir̃kti medìnę trobẽlę kur̃ nórs Kanãdoje.	Norėčiau nusipirkti medinę trobelę kur nors Kanadoje.	I'd like to buy a log cabin somewhere in Canada.	nors	5	Kanada	Npfslng
Rugsė́jo mė́nesį vandenýne bū̃na gausù medū̃zų.	Rugsėjo mėnesį vandenyne būna gausu medūzų.	There are lots of jellyfish in the ocean in September.	vandenyne	2	vandenynas	Ncmsln-
Testè padariaũ rim̃tą klaĩdą.	Teste padariau rimtą klaidą.	I made a serious mistake on the test.	Teste	0	testas	Ncmsln-
Tòmas niekadà neaplañkė Mèrės ligóninėje.	Tomas niekada neaplankė Merės ligoninėje.	Tom never visited Mary in the hospital.	ligoninėje	4	ligoninė	Ncfsln-
Vaikaĩ skìna sodè gėlès.	Vaikai skina sode gėles.	The kids are picking flowers in the garden.	sode	2	sodas	Ncmsln-
Àš norė́jau taptì filosofè.	Aš norėjau tapti filosofe.	I wanted to become a philosopher.	filosofe	3	filosofas	Ncmsln-
Àš sù juõ susidraugavaũ kaĩ àš buvaũ Taivãne.	Aš su juo susidraugavau kai aš buvau Taivane.	I became friends with him while I was in Taiwan.	Taivane	7	Taivanas	Npmslng
Civilizúotoje Euròpoje bùliai vìs dár ỹra kankìnami ir̃ žùdomi prãmogai.	Civilizuotoje Europoje buliai vis dar yra kankinami ir žudomi pramogai.	In civilized Europe, bulls are still tortured and killed for fun.	Europoje	1	Europa	Npfslng
Esù aštuntamè aukštè.	Esu aštuntame aukšte.	I'm on the eighth floor.	aukšte	2	aukštas	Ncmsln-
Geriáusias bū̃das išmoktì prancū̃zų kal̃bą ỹra pagyvénti prancūzakal̃bėje šalyjè.	Geriausias būdas išmokti prancūzų kalbą yra pagyventi prancūzakalbėje šalyje.	The best way to learn French is to live in a French-speaking country.	šalyje	8	šalis	Ncfsln-
Japònijoje studijúojama ánglų kalbà.	Japonijoje studijuojama anglų kalba.	English is studied in Japan.	Japonijoje	0	Japonija	Npfslng
Japònijoje ỹra mókomasi ánglų kalbõs.	Japonijoje yra mokomasi anglų kalbos.	English is studied in Japan.	Japonijoje	0	Japonija	Npfslng
Kõl àš buvaũ Taivãne, àš sù juõ susidraugavaũ.	Kol aš buvau Taivane, aš su juo susidraugavau.	While I was in Taiwan, I made friends with him.	Taivane	3	Taivanas	Npmslng
Mẽs rãdome grãžią mė́lyną lagū̃ną tolimojè salõs pùsėje.	Mes radome gražią mėlyną lagūną tolimoje salos pusėje.	We found a beautiful, blue lagoon on the far side of the island.	pusėje	7	pusė	Ncfsln-
Mẽs tùrime išmoktì gyvénti harmònijoje sù gamtà.	Mes turime išmokti gyventi harmonijoje su gamta.	We must learn to live in harmony with nature.	harmonijoje	4	harmonija	Ncfsln-
Šiojè šalyjè kárvės ỹra naudingèsnės ùž bèt kókius kitùs gývulius.	Šioje šalyje karvės yra naudingesnės už bet kokius kitus gyvulius.	Cows are more useful than any other animal in this country.	šalyje	1	šalis	Ncfsln-
Šiojè stiklìnėje ỹra vandeñs.	Šioje stiklinėje yra vandens.	This glass contains water.	stiklinėje	1	stiklinė	Ncfsln-
Tòmas išgulė́jo lóvoje trìs saváites.	Tomas išgulėjo lovoje tris savaites.	Tom spent three weeks in bed.	lovoje	2	lova	Ncfsln-
Vienojè saváitėje ỹra septýnios diẽnos.	Vienoje savaitėje yra septynios dienos.	In one week there are seven days.	savaitėje	1	savaitė	Ncfsln-
Visãtoje ỹra nesuskaičiúojama daugýbė žvaigždžių̃.	Visatoje yra nesuskaičiuojama daugybė žvaigždžių.	There are innumerable stars in the universe.	Visatoje	0	visata	Ncfsln-
Ankarojè, visì mẽtų laikaĩ ỹra tar̃si žiemà.	Ankaroje, visi metų laikai yra tarsi žiema.	In Ankara, all the seasons are like winter.	Ankaroje	0	Ankara	Npfslng
Àš atlikaũ karìnę tarnýbą Ankarojè.	Aš atlikau karinę tarnybą Ankaroje.	I had my military service in Ankara.	Ankaroje	4	Ankara	Npfslng
Jiẽ viešė́jo Ròmoje ikì rugsė́jo.	Jie viešėjo Romoje iki rugsėjo.	They stayed in Rome till September.	Romoje	2	Roma	Npfslng
Jìs šẽšerius metùs gyvẽno Ankarojè.	Jis šešerius metus gyveno Ankaroje.	He lived in Ankara for six years.	Ankaroje	4	Ankara	Npfslng
Jìs vẽdė Nikarãgvoje.	Jis vedė Nikaragvoje.	He got married in Nicaragua.	Nikaragvoje	2	Nikaragva	Npfslng
Šiamè internètiniame pùslapyje daugiaũ ỹra narių̃ výrų neĩ móterų.	Šiame internetiniame puslapyje daugiau yra narių vyrų nei moterų.	There are more male members than female ones on this website.	puslapyje	2	puslapis	Ncmsln-
Vladivostòkas ỹra miẽstas Rùsijoje.	Vladivostokas yra miestas Rusijoje.	Vladivostok is a city in Russia.	Rusijoje	3	Rusija	Npfslng
Žaidýmų aikštẽlėje ỹra dvì mergáitės.	Žaidymų aikštelėje yra dvi mergaitės.	There are two girls in the playground.	aikštelėje	1	aikštelė	Ncfsln-
Àš gyvéndavau káime.	Aš gyvendavau kaime.	I used to live in a village.	kaime	2	kaimas	Ncmsln-
Àš gyvenù Juodkalnìjoje.	Aš gyvenu Juodkalnijoje.	I live in Montenegro.	Juodkalnijoje	2	Juodkalnija	Npfslng
Ateityjè àš norė́čiau taptì televìzijos dìktoriumi.	Ateityje aš norėčiau tapti televizijos diktoriumi.	I want to become a TV announcer in the future.	Ateityje	0	ateitis	Ncfsln-
Eksperimeñto metodè turbū́t ỹra trū́kumas.	Eksperimento metode turbūt yra trūkumas.	There must be a defect in the experimental method.	metode	1	metodas	Ncmsln-
Kíek obelų̃ áuga tàvo sodè?	Kiek obelų auga tavo sode?	How many apple trees do you have in your orchard?	sode	4	sodas	Ncmsln-
Krepšìnyje, aũkšti žaidė́jai tùri pranašùmą.	Krepšinyje, aukšti žaidėjai turi pranašumą.	In basketball, tall players have an advantage.	Krepšinyje	0	krepšinis	Ncmsln-
Mė́gstu eitì į̃ párką ir̃ stebė́ti žaidìmų aikštẽlėje besilìnksminančius vaikùs.	Mėgstu eiti į parką ir stebėti žaidimų aikštelėje besilinksminančius vaikus.	I like to go to the park and watch the children in the playground enjoying themselves.	aikštelėje	7	aikštelė	Ncfsln-
Mẽs pláukiojome jū́roje.	Mes plaukiojome jūroje.	We swam in the sea.	jūroje	2	jūra	Ncfsln-
Pagal̃ legeñdą, miškè vaidẽnosi, taĩgi žmónės jõ véngė.	Pagal legendą, miške vaidenosi, taigi žmonės jo vengė.	According to legend, the wood used to be haunted, so people would avoid it.	miške	3	miškas	Ncmsln-
Šiáurės Amèrikos architektū̃roje ir̃ gyvẽnimo būdè výrauja kairỹsis smegenų̃ pùsrutulis.	Šiaurės Amerikos architektūroje ir gyvenimo būde vyrauja kairysis smegenų pusrutulis.	The left brain predominates the architecture and lifestyle in North America.	architektūroje	2	architektūra	Ncfsln-
Šiáurės Amèrikos architektū̃roje ir̃ gyvẽnimo būdè výrauja kairỹsis smegenų̃ pùsrutulis.	Šiaurės Amerikos architektūroje ir gyvenimo būde vyrauja kairysis smegenų pusrutulis.	The left brain predominates the architecture and lifestyle in North America.	būde	5	būdas	Ncmsln-
Spausdintuvè įstrìgo põpierius.	Spausdintuve įstrigo popierius.	The printer had a paper jam.	Spausdintuve	0	spausdintuvas	Ncmsln-
Àš sutikaũ Kẽną párke.	Aš sutikau Keną parke.	I met Ken at the park.	parke	3	parkas	Ncmsln-
Cùkrus tir̃psta karštojè kavojè.	Cukrus tirpsta karštoje kavoje.	Sugar dissolves in hot coffee.	kavoje	3	kava	Ncfsln-
Elbrùsas ỹra aukščiáusias kálnas Euròpoje.	Elbrusas yra aukščiausias kalnas Europoje.	Mount Elbrus is the highest mountain in Europe.	Europoje	4	Europa	Npfslng
Jì naudójo margarìną viẽtoj svíesto.	Ji naudojo margariną vietoj sviesto.	She used margarine instead of butter.	vietoj	3	vieta	Ncfsln-
Kaĩ àš mókiausi vidurìnėje mokỹkloje, kasdiẽn kéldavausi šẽštą vãlandą rýto.	Kai aš mokiausi vidurinėje mokykloje, kasdien keldavausi šeštą valandą ryto.	Back in high school, I got up at 6 a.m. every morning.	mokykloje	4	mokykla	Ncfsln-
Kíek pándų ỹra šiamè zoològijos sodè?	Kiek pandų yra šiame zoologijos sode?	How many pandas are there in this zoo?	sode	5	sodas	Ncmsln-
Mókydamasis vidurìnėje mokỹkloje àš kasdiẽn kéldavausi šẽštą vãlandą rýto.	Mokydamasis vidurinėje mokykloje aš kasdien keldavausi šeštą valandą ryto.	Back in high school, I got up at 6 a.m. every morning.	mokykloje	2	mokykla	Ncfsln-
Nepláukiok tamè tvenkinyjè.	Neplaukiok tame tvenkinyje.	Don't swim in that pond.	tvenkinyje	2	tvenkinys	Ncmsln-
Nerūkýkite šiamè kambaryjè.	Nerūkykite šiame kambaryje.	Don't smoke in this room.	kambaryje	2	kambarys	Ncmsln-
Obuoliaĩ kitojè síenos pùsėje ỹra saldžiáusi.	Obuoliai kitoje sienos pusėje yra saldžiausi.	The apples on the other side of the wall are the sweetest.	pusėje	3	pusė	Ncfsln-
