Ar̃ jì tùri pinigų̃?	Ar ji turi pinigų?	Does she have money?	pinigų	3	pinigas	Ncmpgn-
Jám reĩkia pinigų̃.	Jam reikia pinigų.	He needs money.	pinigų	2	pinigas	Ncmpgn-
Mán reĩkia pinigų̃.	Man reikia pinigų.	I need the money.	pinigų	2	pinigas	Ncmpgn-
Tàs žmogùs visái netùri pinigų̃.	Tas žmogus visai neturi pinigų.	That person doesn't have any money at all.	pinigų	4	pinigas	Ncmpgn-
Àš neturiù pinigų̃.	Aš neturiu pinigų.	I don't have any money.	pinigų	2	pinigas	Ncmpgn-
Àš visái neturiù pinigų̃.	Aš visai neturiu pinigų.	I don't have any money.	pinigų	3	pinigas	Ncmpgn-
Jìs tùri šíek tíek pinigų̃.	Jis turi šiek tiek pinigų.	He has a little money.	tiek	3	pinigas	Ncmpgn-
Vìsiškai neturiù pinigų̃.	Visiškai neturiu pinigų.	I don't have any money.	pinigų	2	pinigas	Ncmpgn-
Àš turiù pakañkamai pinigų̃.	Aš turiu pakankamai pinigų.	I have enough money.	pinigų	3	pinigas	Ncmpgn-
Àš nenorė́jau pinigų̃.	Aš nenorėjau pinigų.	I didn't want the money.	pinigų	2	pinigas	Ncmpgn-
Jì negãli suprastì kitų̃ žmonių̃.	Ji negali suprasti kitų žmonių.	She can't understand other people.	žmonių	4	žmogus	Ncmpgn-
Ar̃ kàs nórs žìno kíek dabar̃ valandų̃?	Ar kas nors žino kiek dabar valandų?	Does anybody know what hour it is?	dabar	5	valanda	Ncfpgn-
Ar̃ norė́tum turė́ti daũg pinigų̃?	Ar norėtum turėti daug pinigų?	Would you like to have lots of money?	pinigų	4	pinigas	Ncmpgn-
Àš tą̃ daraũ bè jokių̃ problèmų.	Aš tą darau be jokių problemų.	I do it without any problems.	problemų	5	problema	Ncfpgn-
Atsiprašaũ, kíek dabar̃ valandų̃?	Atsiprašau, kiek dabar valandų?	Excuse me, what time is it?	valandų	4	valanda	Ncfpgn-
Kíek kar̃tų àš turiù táu sakýti?	Kiek kartų aš turiu tau sakyti?	How many times do I have to tell you?	kartų	1	kartas	Ncmpgn-
Àš niekadà nemačiaũ namõ bè dùrų.	Aš niekada nemačiau namo be durų.	I've never seen a house without a door.	durų	5	durys	Ncfpgn-
Àš čià turiù daũg draugų̃.	Aš čia turiu daug draugų.	I have a lot of friends here.	draugų	4	draugas	Ncmpgn-
Àš turiù daũg draugų̃.	Aš turiu daug draugų.	I have many friends.	draugų	3	draugas	Ncmpgn-
Jì čià tùri daũg draugų̃.	Ji čia turi daug draugų.	She has a lot of friends here.	draugų	4	draugas	Ncmpgn-
Jíems reĩkia draugų̃.	Jiems reikia draugų.	They need friends.	draugų	2	draugas	Ncmpgn-
Jì nėrà tokià kaĩp jì bùvo priẽš dẽšimt mẽtų.	Ji nėra tokia kaip ji buvo prieš dešimt metų.	She is not what she was ten years ago.	metų	8	metai	Ncmpgn-
Jìs mìrė priẽš dẽšimt mẽtų.	Jis mirė prieš dešimt metų.	He died ten years ago.	metų	4	metai	Ncmpgn-
Jì tùri dẽšimt vaikų̃.	Ji turi dešimt vaikų.	She has ten children.	vaikų	3	vaikas	Ncmpgn-
Prãšom ateitì dár kar̃tą põ trijų̃ dienų̃.	Prašom ateiti dar kartą po trijų dienų.	Please come again in three days time.	dienų	6	diena	Ncfpgn-
Ar̃ tùrite kláusimų?	Ar turite klausimų?	Do you have any questions?	klausimų	2	klausimas	Ncmpgn-
Kíek žmonių̃ tù geraĩ pažį́sti?	Kiek žmonių tu gerai pažįsti?	How many people do you know well?	žmonių	1	žmogus	Ncmpgn-
Tùrite kláusimų?	Turite klausimų?	Any questions?	klausimų	1	klausimas	Ncmpgn-
Àš čià íeškau draugų̃.	Aš čia ieškau draugų.	I'm searching for friends here.	draugų	3	draugas	Ncmpgn-
Àš neturė́jau jokių̃ problèmų.	Aš neturėjau jokių problemų.	I didn't have any problems.	problemų	3	problema	Ncfpgn-
Kur̃ tù gyvenì, jéigu tù netùri namų̃?	Kur tu gyveni, jeigu tu neturi namų?	Where do you live if you have no home?	namų	7	namai	Ncmpgn-
Ar̃ Tòmas pasãkė kám jám reikė́jo pinigų̃?	Ar Tomas pasakė kam jam reikėjo pinigų?	Did Tom say what he needed the money for?	pinigų	6	pinigas	Ncmpgn-
Jìs netùri nė̃ žmonõs, nė̃ vaikų̃, nė̃ draugų̃.	Jis neturi nė žmonos, nė vaikų, nė draugų.	He has no wife, no children and no friends.	vaikų	6	vaikas	Ncmpgn-
Jìs netùri nė̃ žmonõs, nė̃ vaikų̃, nė̃ draugų̃.	Jis neturi nė žmonos, nė vaikų, nė draugų.	He has no wife, no children and no friends.	draugų	9	draugas	Ncmpgn-
Nedaũg žmonių̃ taĩp galvója.	Nedaug žmonių taip galvoja.	Few people think so.	žmonių	1	žmogus	Ncmpgn-
Šiamè namè gyvẽna daũg žmonių̃.	Šiame name gyvena daug žmonių.	There are many people living in this house.	žmonių	4	žmogus	Ncmpgn-
Daugumà jõ draugų̃ ỹra mergáitės.	Dauguma jo draugų yra mergaitės.	Most of his friends are girls.	draugų	2	draugas	Ncmpgn-
Daugumà jõ draugų̃ ỹra mergìnos.	Dauguma jo draugų yra merginos.	Most of his friends are girls.	draugų	2	draugas	Ncmpgn-
Jì bė́ga ìš namų̃.	Ji bėga iš namų.	She's running from home.	namų	3	namai	Ncmpgn-
Jì bevéik neturė́jo pinigų̃.	Ji beveik neturėjo pinigų.	She was nearly without any money.	pinigų	3	pinigas	Ncmpgn-
Jìs neturė́jo pakañkamai pinigų̃.	Jis neturėjo pakankamai pinigų.	He did not have enough money.	pinigų	3	pinigas	Ncmpgn-
Tòmas neturė́jo pakañkamai pinigų̃.	Tomas neturėjo pakankamai pinigų.	Tom didn't have enough money.	pinigų	3	pinigas	Ncmpgn-
Ar̃ padareĩ sàvo namų̃ dárbus pàts?	Ar padarei savo namų darbus pats?	Did you do your homework by yourself?	namų	3	namai	Ncmpgn-
Àš láukiau dẽšimt minùčių.	Aš laukiau dešimt minučių.	I waited for ten minutes.	minučių	3	minutė	Ncfpgn-
Àš turiù kẽletą gerų̃ draugų̃.	Aš turiu keletą gerų draugų.	I have several good friends.	draugų	4	draugas	Ncmpgn-
Ateĩsiu põ dẽšimt minùčių.	Ateisiu po dešimt minučių.	I'll join in ten minutes.	minučių	3	minutė	Ncfpgn-
Ìš jõ dár nėrà žinių̃.	Iš jo dar nėra žinių.	I have had no news from him yet.	žinių	4	žinios	Ncfpgn-
Mán trū́ksta žõdžių.	Man trūksta žodžių.	I'm at a loss for words.	žodžių	2	žodis	Ncmpgn-
Ỹra daũg žõdžių kurių̃ nesuprantù.	Yra daug žodžių kurių nesuprantu.	There are many words that I don't understand.	žodžių	2	žodis	Ncmpgn-
Daviaũ jám tą̃ trupùtį pinigų̃ kuriuõs turė́jau sù savimì.	Daviau jam tą truputį pinigų kuriuos turėjau su savimi.	I gave him what little money I had with me.	pinigų	4	pinigas	Ncmpgn-
Ar̃ tù norė́tum ateitì į̃ màno tėvų̃ nãmą?	Ar tu norėtum ateiti į mano tėvų namą?	Would you like to come to my parents' house?	tėvų	6	tėvai	Ncmpgn-
Àš turiù daũg namų̃ darbų̃.	Aš turiu daug namų darbų.	I have a lot of homework.	namų	3	namai	Ncmpgn-
Àš turiù daũg namų̃ darbų̃.	Aš turiu daug namų darbų.	I have a lot of homework.	darbų	4	darbas	Ncmpgn-
Galbū́t jìs tùri daũg mergìnų.	Galbūt jis turi daug merginų.	Maybe he has lots of girlfriends.	merginų	4	mergina	Ncfpgn-
Kadángi àš neturiù pinigų̃, àš negaliù teñ atvyktì.	Kadangi aš neturiu pinigų, aš negaliu ten atvykti.	Since I have no money, I can't come there.	pinigų	3	pinigas	Ncmpgn-
Kodė̃l? Todė̃l kàd jõ šeĩmai reikė́jo pinigų̃, štaĩ kodė̃l.	Kodėl? Todėl kad jo šeimai reikėjo pinigų, štai kodėl.	Why? Because his family needed the money, that's why.	pinigų	7	pinigas	Ncmpgn-
Àš nemokù ánglų kalbõs.	Aš nemoku anglų kalbos.	I don't know English.	anglų	2	anglas	Ncmpgn-
Dẽšimt mẽtų ỹra ìlgas laĩkas.	Dešimt metų yra ilgas laikas.	Ten years is a long time.	metų	1	metai	Ncmpgn-
Jám labaĩ patiñka ánglų kalbà.	Jam labai patinka anglų kalba.	He likes English very much.	anglų	3	anglas	Ncmpgn-
Kodė̃l tù nóri mókytis ánglų kalbõs?	Kodėl tu nori mokytis anglų kalbos?	Why do you want to learn English?	anglų	4	anglas	Ncmpgn-
Põ kelių̃ dienų̃, lėktùvas pagaliaũ išvỹko.	Po kelių dienų, lėktuvas pagaliau išvyko.	After several delays, the plane finally left.	kelių	1	kelis	Ncmpgn-
Põ kelių̃ dienų̃, lėktùvas pagaliaũ išvỹko.	Po kelių dienų, lėktuvas pagaliau išvyko.	After several delays, the plane finally left.	dienų	2	diena	Ncfpgn-
Tikiúosi kàd galė́siu vairúoti tàvo automobìlį bè jokių̃ problèmų.	Tikiuosi kad galėsiu vairuoti tavo automobilį be jokių problemų.	I hope I can drive your car without any troubles.	problemų	8	problema	Ncfpgn-
Vãkar mū́sų namè bùvo kẽletas žmonių̃.	Vakar mūsų name buvo keletas žmonių.	There were some people at our house yesterday.	žmonių	5	žmogus	Ncmpgn-
Ar̃ jìs tùri daũg knỹgų?	Ar jis turi daug knygų?	Does he have many books?	knygų	4	knyga	Ncfpgn-
Ar̃ jū̃s tikraĩ netùrite namų̃?	Ar jūs tikrai neturite namų?	Do you really have no home?	namų	4	namai	Ncmpgn-
Bevéik nėrà knỹgų.	Beveik nėra knygų.	There are almost no books.	knygų	2	knyga	Ncfpgn-
Jìs, kaĩp ir̃ jõ tė́vas, tùri daũg knỹgų.	Jis, kaip ir jo tėvas, turi daug knygų.	He has just as many books as his father does.	knygų	9	knyga	Ncfpgn-
Jìs tùri dùkart daugiaũ knỹgų neĩ àš.	Jis turi dukart daugiau knygų nei aš.	He has twice as many books as I do.	knygų	4	knyga	Ncfpgn-
Jõ kambaryjè ỹra daũg knỹgų.	Jo kambaryje yra daug knygų.	There are a lot of books in his room.	knygų	4	knyga	Ncfpgn-
Manè pàkvietė pietų̃.	Mane pakvietė pietų.	I was invited to dinner.	pietų	2	pietūs	Ncmpgn-
Màno tė́vas tùri daũg knỹgų.	Mano tėvas turi daug knygų.	My father has a lot of books.	knygų	4	knyga	Ncfpgn-
Mẽs tùrime laikýtis taisỹklių.	Mes turime laikytis taisyklių.	We must observe the rules.	taisyklių	3	taisyklė	Ncfpgn-
Neturė́tum sakýti tókio dalỹko priẽ vaikų̃.	Neturėtum sakyti tokio dalyko prie vaikų.	You shouldn't say that kind of thing when children are around.	vaikų	5	vaikas	Ncmpgn-
Teñ bevéik nėrà knỹgų.	Ten beveik nėra knygų.	There are almost no books.	knygų	3	knyga	Ncfpgn-
Teñ ỹra daũg knỹgų, ar̃ nè?	Ten yra daug knygų, ar ne?	There are many books, aren't there?	knygų	3	knyga	Ncfpgn-
Tòmas paprãšė daugiaũ pinigų̃.	Tomas paprašė daugiau pinigų.	Tom asked for more money.	pinigų	3	pinigas	Ncmpgn-
À negaliù rastì sàvo bãtų.	A negaliu rasti savo batų.	I can't find my shoes.	batų	4	batas	Ncmpgn-
Àš vìsiškai neturiù jokių̃ planų̃.	Aš visiškai neturiu jokių planų.	I have no plans whatsoever.	planų	4	planas	Ncmpgn-
Jì gãvo nuõ tė́vo põrą bãtų.	Ji gavo nuo tėvo porą batų.	She got a pair of shoes from Father.	batų	5	batas	Ncmpgn-
Jì pamir̃šo sustotì priẽ màno namų̃.	Ji pamiršo sustoti prie mano namų.	She forgot to stop next to my house.	namų	5	namai	Ncmpgn-
Jì tãpo mókytoja kaĩ jái bùvo dvìdešimt mẽtų.	Ji tapo mokytoja kai jai buvo dvidešimt metų.	She became a teacher when she was twenty.	metų	7	metai	Ncmpgn-
Jì tùri dù tū́kstančius knỹgų.	Ji turi du tūkstančius knygų.	She has two thousand books.	knygų	4	knyga	Ncfpgn-
Kíek žmonių̃ ỹra parduotùvėje?	Kiek žmonių yra parduotuvėje?	How many people are there in the store?	žmonių	1	žmogus	Ncmpgn-
Pinigaĩ negãli nupirktì draugų̃.	Pinigai negali nupirkti draugų.	Money can't buy friends.	draugų	3	draugas	Ncmpgn-
Tõs mùzikos ver̃ta klausýtis daũg kar̃tų.	Tos muzikos verta klausytis daug kartų.	That music is worth listening to many times.	kartų	5	kartas	Ncmpgn-
Àš geraĩ mokù vókiečių.	Aš gerai moku vokiečių.	I speak German well.	vokiečių	3	vokietis	Ncmpgn-
Àš nesuprantù vókiečių kalbõs.	Aš nesuprantu vokiečių kalbos.	I don't understand German.	vokiečių	2	vokietis	Ncmpgn-
Àš neturiù jokių̃ príešų.	Aš neturiu jokių priešų.	I don't have any enemies.	priešų	3	priešas	Ncmpgn-
Àš neturiù príešų.	Aš neturiu priešų.	I don't have enemies.	priešų	2	priešas	Ncmpgn-
Ìš jõ veiksmų̃ ỹra áišku kàd jìs ją̃ mýli.	Iš jo veiksmų yra aišku kad jis ją myli.	It's clear from his actions that he loves her.	veiksmų	2	veiksmas	Ncmpgn-
Jì vìsiškai netùri príešų.	Ji visiškai neturi priešų.	She has absolutely no enemies.	priešų	3	priešas	Ncmpgn-
Kaĩ jìs neturė́jo pinigų̃, jìs negalė́jo nusipir̃kti dúonos.	Kai jis neturėjo pinigų, jis negalėjo nusipirkti duonos.	When he had no money, he couldn't buy any bread.	pinigų	3	pinigas	Ncmpgn-
Nóri mókytis prancū̃zų kalbõs?	Nori mokytis prancūzų kalbos?	Do you want to learn French?	prancūzų	2	prancūzas	Ncmpgn-
Šì knygà ỹra pìlna klaidų̃.	Ši knyga yra pilna klaidų.	This book is full of mistakes.	klaidų	4	klaida	Ncfpgn-
Taĩ ỹra gẽra knỹgą, nepáisant kelių̃ klaidų̃.	Tai yra gera knygą, nepaisant kelių klaidų.	This is a good book except for a few mistakes.	kelių	6	kelis	Ncmpgn-
Taĩ ỹra gẽra knỹgą, nepáisant kelių̃ klaidų̃.	Tai yra gera knygą, nepaisant kelių klaidų.	This is a good book except for a few mistakes.	klaidų	7	klaida	Ncfpgn-
Tàs kurìs nedãro klaidų̃, nedãro niẽko.	Tas kuris nedaro klaidų, nedaro nieko.	He who makes no mistakes makes nothing.	klaidų	3	klaida	Ncfpgn-
Tòmas netùri jokių̃ príešų.	Tomas neturi jokių priešų.	Tom doesn't have any enemies.	priešų	3	priešas	Ncmpgn-
Tū́kstančiai žmonių̃ norė́jo žinóti atsãkymą.	Tūkstančiai žmonių norėjo žinoti atsakymą.	Thousands of people wanted to know the answer.	žmonių	1	žmogus	Ncmpgn-
Àš bijaũ šunų̃.	Aš bijau šunų.	I'm afraid of dogs.	šunų	2	šuo	Ncmpgn-
Àš pérskaičiau tą̃ knỹgą kẽletą kar̃tų.	Aš perskaičiau tą knygą keletą kartų.	I have read that book several times.	kartų	5	kartas	Ncmpgn-
Bèt ìš kìtos pùsės, daũg žmonių̃ mìršta jaunì.	Bet iš kitos pusės, daug žmonių miršta jauni.	On the other hand a lot of people die young.	žmonių	6	žmogus	Ncmpgn-
Daugumà šunų̃ ỹra gývi.	Dauguma šunų yra gyvi.	Most of the dogs are alive.	šunų	1	šuo	Ncmpgn-
Jì tùri daũg šunų̃.	Ji turi daug šunų.	She has many dogs.	šunų	3	šuo	Ncmpgn-
Jì tùri per̃ daũg vaikìnų.	Ji turi per daug vaikinų.	She has too many boyfriends.	vaikinų	4	vaikinas	Ncmpgn-
Kambarỹs ỹra pìlnas gėlių̃.	Kambarys yra pilnas gėlių.	The room is full of flowers.	gėlių	3	gėlė	Ncfpgn-
Mẽs turė́tume duotì jái gėlių̃.	Mes turėtume duoti jai gėlių.	We should give her flowers.	gėlių	4	gėlė	Ncfpgn-
Mùms reikė̃s dár dẽšimties dólerių.	Mums reikės dar dešimties dolerių.	We'll need an extra ten dollars.	dolerių	4	doleris	Ncmpgn-
Nėrà prasmė̃s prašýti manę̃s pinigų̃.	Nėra prasmės prašyti manęs pinigų.	It's no use asking me for money.	pinigų	4	pinigas	Ncmpgn-
Tòmas nepasãkė kíek kar̃tų jìs teñ bùvęs.	Tomas nepasakė kiek kartų jis ten buvęs.	Tom didn't say how many times he had been there.	kartų	3	kartas	Ncmpgn-
Tòmas tùri daugiaũ pinigų̃, neĩ galė́tų išleistì.	Tomas turi daugiau pinigų, nei galėtų išleisti.	Tom has more money than he can spend.	pinigų	3	pinigas	Ncmpgn-
Turiù dẽšimties mẽtų sū́nų.	Turiu dešimties metų sūnų.	I have a ten-year-old boy.	metų	2	metai	Ncmpgn-
Víenas ìš šunų̃ ỹra gývas.	Vienas iš šunų yra gyvas.	One of the dogs is alive.	šunų	2	šuo	Ncmpgn-
Ar̃ mokì stovė́ti añt rañkų?	Ar moki stovėti ant rankų?	Can you stand on your hands?	rankų	4	ranka	Ncfpgn-
Àš šiañdien neturiù pamokų̃.	Aš šiandien neturiu pamokų.	I don't have classes today.	pamokų	3	pamoka	Ncfpgn-
Àš turiù daũg svajõnių.	Aš turiu daug svajonių.	I have a lot of dreams.	svajonių	3	svajonė	Ncfpgn-
Galvójau, kàd jái daugiáusiai trìsdešimt mẽtų.	Galvojau, kad jai daugiausiai trisdešimt metų.	I thought she was 30 at most.	metų	6	metai	Ncmpgn-
Mokyklà ỹra ùž penkių̃ kilomètrų nuõ màno namų̃.	Mokykla yra už penkių kilometrų nuo mano namų.	The school is five kilometers from my home.	kilometrų	4	kilometras	Ncmpgn-
Mokyklà ỹra ùž penkių̃ kilomètrų nuõ màno namų̃.	Mokykla yra už penkių kilometrų nuo mano namų.	The school is five kilometers from my home.	namų	7	namai	Ncmpgn-
Nupirkaũ kãmerą ùž trìsdešimt dólerių.	Nupirkau kamerą už trisdešimt dolerių.	I bought a camera for 30 dollars.	dolerių	4	doleris	Ncmpgn-
Pasiìlgau senų̃ gerų̃ dienų̃.	Pasiilgau senų gerų dienų.	I miss the good old days.	dienų	3	diena	Ncfpgn-
Põ pietų̃ jiẽ gẽria kãvą.	Po pietų jie geria kavą.	They drink coffee after lunch.	pietų	1	pietūs	Ncmpgn-
Ánglų kalbà ỹra kalbamà apliñk pasáulį.	Anglų kalba yra kalbama aplink pasaulį.	English is spoken around the world.	Anglų	0	anglas	Ncmpgn-
Ar̃ tùrite kláusimų apiẽ šią̃ pãmoką?	Ar turite klausimų apie šią pamoką?	Do you have any questions in this lesson?	klausimų	2	klausimas	Ncmpgn-
Bevéik visì studeñtai mė́gsta ánglų kal̃bą.	Beveik visi studentai mėgsta anglų kalbą.	Almost all the students like English.	anglų	4	anglas	Ncmpgn-
Bijóti réiškia mirtì tū́kstantį kar̃tų, taĩ blogiaũ neĩ mirtìs.	Bijoti reiškia mirti tūkstantį kartų, tai blogiau nei mirtis.	Fearing is dying a thousand times, it's worse than death.	kartų	4	kartas	Ncmpgn-
Bòmba sprõgs põ dẽšimties minùčių.	Bomba sprogs po dešimties minučių.	The bomb will explode in 10 seconds.	minučių	4	minutė	Ncfpgn-
Jì tùri maždaũg tíek pàt pãšto ženklų̃, kíek àš.	Ji turi maždaug tiek pat pašto ženklų, kiek aš.	She has about as many stamps as I do.	pašto	5	ženklas	Ncmpgn-
Kíek valandų̃ per̃ saváitę dìrbate?	Kiek valandų per savaitę dirbate?	How many hours a week do you work?	valandų	1	valanda	Ncfpgn-
Nueitì į̃ stõtį reikė́jo penkių̃ minùčių.	Nueiti į stotį reikėjo penkių minučių.	It took five minutes to get to the station.	minučių	5	minutė	Ncfpgn-
Pasáulyje ỹra daugiaũ neĩ keturì tū́kstančiai kalbų̃.	Pasaulyje yra daugiau nei keturi tūkstančiai kalbų.	There are more than 4,000 languages in the world.	kalbų	6	kalba	Ncfpgn-
Pasáulyje ỹra daugiaũ neĩ septynì tū́kstančiai kalbų̃.	Pasaulyje yra daugiau nei septyni tūkstančiai kalbų.	There are more than seven thousand languages in the world.	kalbų	6	kalba	Ncfpgn-
Šių̃ namų̃ virtùvė ỹra labaĩ dìdelė.	Šių namų virtuvė yra labai didelė.	The kitchen of this house is very large.	namų	1	namai	Ncmpgn-
Tū́kstančiai žmonių̃ mìršta ìš bãdo.	Tūkstančiai žmonių miršta iš bado.	Thousands of people died of hunger.	žmonių	1	žmogus	Ncmpgn-
Tùrime mažaĩ galimýbių kalbė́ti ángliškai.	Turime mažai galimybių kalbėti angliškai.	We have little opportunity to use English.	galimybių	2	galimybė	Ncfpgn-
Ar̃ esì ùžimta sekmãdienį põ pietų̃?	Ar esi užimta sekmadienį po pietų?	Are you busy on Sunday afternoon?	pietų	5	pietūs	Ncmpgn-
Àš nemė́gstu siaũbo fìlmų.	Aš nemėgstu siaubo filmų.	I don't like scary movies.	filmų	3	filmas	Ncmpgn-
Àš visái negaliù suprastì jõ idė́jų.	Aš visai negaliu suprasti jo idėjų.	I can't understand his ideas at all.	idėjų	5	idėja	Ncfpgn-
Ilgiúosi senų̃ gerų̃ dienų̃.	Ilgiuosi senų gerų dienų.	I miss the good old days.	dienų	3	diena	Ncfpgn-
Màno dañtys ỹra vìsiškai sveikì ir̃ bè jokių̃ problèmų.	Mano dantys yra visiškai sveiki ir be jokių problemų.	My teeth are totally healthy and free of problems.	problemų	8	problema	Ncfpgn-
Nebijók pažintì naujų̃ žmonių̃.	Nebijok pažinti naujų žmonių.	Don't be scared to meet new people.	žmonių	3	žmogus	Ncmpgn-
Ramiaĩ prieĩk priẽ dùrų.	Ramiai prieik prie durų.	Walk calmly to the door.	durų	3	durys	Ncfpgn-
Šì pamokà pasibaĩgs põ dẽšimties minùčių.	Ši pamoka pasibaigs po dešimties minučių.	This class will be over in ten minutes.	minučių	5	minutė	Ncfpgn-
Teñ bùvo võs peñkiasdešimt žmonių̃.	Ten buvo vos penkiasdešimt žmonių.	There were barely fifty people there.	žmonių	4	žmogus	Ncmpgn-
Tuõj pàt paruõšk sàvo namų̃ dárbus.	Tuoj pat paruošk savo namų darbus.	Do your homework right away.	savo	3	namai	Ncmpgn-
Vieniñtelis dalỹkas kurìs jái rū̃pi ỹra jõs vaikų̃ saugùmas.	Vienintelis dalykas kuris jai rūpi yra jos vaikų saugumas.	Her only care is the safety of her children.	vaikų	7	vaikas	Ncmpgn-
Àš turiù abejõnių.	Aš turiu abejonių.	I have doubts.	abejonių	2	abejonė	Ncfpgn-
Jì netùri brólių.	Ji neturi brolių.	She has no brothers.	brolių	2	brolis	Ncmpgn-
Jìs atródo, kaĩp graĩkų diẽvas.	Jis atrodo, kaip graikų dievas.	He looks like a Greek god.	graikų	4	graikas	Ncmpgn-
Jì tãpo mótina kaĩ jái bùvo penkiólika mẽtų.	Ji tapo motina kai jai buvo penkiolika metų.	She became a mother when she was fifteen years old.	metų	7	metai	Ncmpgn-
Labaĩ mažaĩ žmonių̃ pastebė́jo, kàd jõs nebùvo vakarė̃lyje.	Labai mažai žmonių pastebėjo, kad jos nebuvo vakarėlyje.	Few people noticed her absence from the party.	žmonių	2	žmogus	Ncmpgn-
Màno katė̃ išė̃jo ìš namų̃ ir̃ niekadà negrį̃žo.	Mano katė išėjo iš namų ir niekada negrįžo.	My cat left the house and never returned.	namų	4	namai	Ncmpgn-
Mèrė bìjo šunų̃.	Merė bijo šunų.	Merry is scared of dogs.	šunų	2	šuo	Ncmpgn-
Milijõnas žmonių̃ prarãdo sàvo gyvýbę kãro metù.	Milijonas žmonių prarado savo gyvybę karo metu.	A million people lost their live during the war.	žmonių	1	žmogus	Ncmpgn-
Mū́sų gãtvėje gyvẽna daũg įvairių̃ žmonių̃.	Mūsų gatvėje gyvena daug įvairių žmonių.	Many kinds of people live on our street.	žmonių	5	žmogus	Ncmpgn-
Paprašýk jõs duotì mùms pinigų̃.	Paprašyk jos duoti mums pinigų.	Ask her to give us some money.	pinigų	4	pinigas	Ncmpgn-
Šìs klùbas tùri vir̃š peñkiasdešimt narių̃.	Šis klubas turi virš penkiasdešimt narių.	The club has more than fifty members.	narių	5	narys	Ncmpgn-
Susiriñko daũg žmonių̃.	Susirinko daug žmonių.	Many people have gathered.	žmonių	2	žmogus	Ncmpgn-
Ỹra labaĩ mažaĩ tikė́tina kàd jìs tikraĩ ỹra tàs pàts výras kurį̃ tù sutikaĩ priẽš dẽšimt mẽtų.	Yra labai mažai tikėtina kad jis tikrai yra tas pats vyras kurį tu sutikai prieš dešimt metų.	It's very unlikely that he is actually the same man you met ten years ago.	dešimt	15	metai	Ncmpgn-
Ar̃ čià ỹra gražių̃ móterų?	Ar čia yra gražių moterų?	Are there beautiful women here?	moterų	4	moteris	Ncfpgn-
Ar̃ vãkar jìs mókėsi ánglų kalbõs?	Ar vakar jis mokėsi anglų kalbos?	Did he study English yesterday?	anglų	4	anglas	Ncmpgn-
Àš girdė́jau kàd Mèrė nóri skyrýbų.	Aš girdėjau kad Merė nori skyrybų.	I heard that Mary wants a divorce.	skyrybų	5	skyrybos	Ncfpgn-
Àš sumokė́jau nè mažiaũ neĩ šim̃tą dólerių ùž šį̃ rašìklį.	Aš sumokėjau ne mažiau nei šimtą dolerių už šį rašiklį.	I paid not less than a hundred dollars for this pen.	dolerių	6	doleris	Ncmpgn-
Jái taĩp ir̃ nebùvo lémta vė̃l išvýsti sàvo vaikų̃.	Jai taip ir nebuvo lemta vėl išvysti savo vaikų.	She was never to see her children again.	vaikų	8	vaikas	Ncmpgn-
Jiẽ tikraĩ miegójo añt grindų̃.	Jie tikrai miegojo ant grindų.	They really slept on the floor.	grindų	4	grindys	Ncfpgn-
Niẽkas nenorė́jo įžeistì tų̃ výrų.	Niekas nenorėjo įžeisti tų vyrų.	No one wanted to insult these men.	vyrų	4	vyras	Ncmpgn-
Tù nebijaĩ vaiduõklių, ar̃ nè?	Tu nebijai vaiduoklių, ar ne?	You aren't afraid of ghosts, are you?	vaiduoklių	2	vaiduoklė	Ncfpgn-
Velniaĩ slẽpiasi tar̃p akmenų̃,	Velniai slepiasi tarp akmenų,	Devils are hiding among the rocks.	akmenų	3	akmuo	Ncmpgn-
Bevéik visì mokiniaĩ mė́gsta ánglų kal̃bą.	Beveik visi mokiniai mėgsta anglų kalbą.	Almost all the students like English.	anglų	4	anglas	Ncmpgn-
Jiẽ šiañdien suválgė per̃ daũg salõtų.	Jie šiandien suvalgė per daug salotų.	They've eaten too much salad today.	salotų	5	salotos	Ncfpgn-
Kodė̃l tàvo dukrà nemė́gsta saldaĩnių?	Kodėl tavo dukra nemėgsta saldainių?	Why does your daughter dislike candies?	saldainių	4	saldainis	Ncmpgn-
Màno dukrà norė́tų paválgyti saldaĩnių.	Mano dukra norėtų pavalgyti saldainių.	My daughter would like to eat some candies.	saldainių	4	saldainis	Ncmpgn-
Pasáulis ỹra pìlnas kvailų̃ žmonių̃.	Pasaulis yra pilnas kvailų žmonių.	The world is full of dumb people.	žmonių	4	žmogus	Ncmpgn-
Àš išmókau grotì gitarà kaĩ mán bùvo dẽšimt mẽtų.	Aš išmokau groti gitara kai man buvo dešimt metų.	I learned to play guitar when I was ten years old.	metų	8	metai	Ncmpgn-
Àš nuspréndžiau nustotì mókytis prancū̃zų kalbõs.	Aš nusprendžiau nustoti mokytis prancūzų kalbos.	I've decided to stop studying French.	prancūzų	4	prancūzas	Ncmpgn-
Mãrika ìšvertė màno knỹgą į̃ vókiečių kal̃bą.	Marika išvertė mano knygą į vokiečių kalbą.	Marika translated my book into German.	vokiečių	5	vokietis	Ncmpgn-
Mẽs niẽkur negalė́jome nusipir̃kti kelių̃ giñklų.	Mes niekur negalėjome nusipirkti kelių ginklų.	We couldn't buy a few guns anywhere.	kelių	4	kelis	Ncmpgn-
Mẽs niẽkur negalė́jome nusipir̃kti kelių̃ giñklų.	Mes niekur negalėjome nusipirkti kelių ginklų.	We couldn't buy a few guns anywhere.	ginklų	5	ginklas	Ncmpgn-
Pasáulyje daũg žmonių̃ ỹra alkanì.	Pasaulyje daug žmonių yra alkani.	Many people in the world are hungry.	žmonių	2	žmogus	Ncmpgn-
Tàvo akiniaĩ nukrìto añt grindų̃.	Tavo akiniai nukrito ant grindų.	Your glasses fell on the floor.	grindų	4	grindys	Ncfpgn-
Ar̃ jùms patiñka itãlų kalbà?	Ar jums patinka italų kalba?	Do you like Italian?	italų	3	italas	Ncmpgn-
Ar̃ tù žinaĩ kíek jì tùri kačių̃?	Ar tu žinai kiek ji turi kačių?	Do you know how many cats she has?	kačių	6	katė	Ncfpgn-
Àš daviaũ Tòmui põrą bilietų̃ į̃ sàvo koncer̃tą.	Aš daviau Tomui porą bilietų į savo koncertą.	I gave Tom a couple of tickets for my concert.	bilietų	4	bilietas	Ncmpgn-
Àš mókausi japònų kalbõs.	Aš mokausi japonų kalbos.	I am learning Japanese.	japonų	2	japonas	Ncmpgn-
Àš nepažį́stu nè víeno ìš jõs mokinių̃.	Aš nepažįstu ne vieno iš jos mokinių.	I don't know any of her students.	mokinių	6	mokinys	Ncmpgn-
Jiẽ tùri daũg mokinių̃.	Jie turi daug mokinių.	They have many students.	mokinių	3	mokinys	Ncmpgn-
Jì neklaũso sàvo tėvų̃.	Ji neklauso savo tėvų.	She doesn't listen to her parents.	tėvų	3	tėvai	Ncmpgn-
Jìs neklaũso sàvo mókytojų.	Jis neklauso savo mokytojų.	He doesn't listen to his teachers.	mokytojų	3	mokytojas	Ncmpgn-
Jìs neklaũso sàvo tėvų̃.	Jis neklauso savo tėvų.	He doesn't listen to his parents.	tėvų	3	tėvai	Ncmpgn-
Jìs uždìrba trìs kárt daugiaũ pinigų̃ neĩ àš.	Jis uždirba tris kart daugiau pinigų nei aš.	He makes three times more money than I do.	pinigų	5	pinigas	Ncmpgn-
Kẽletas žmonių̃ atė̃jo į̃ pãskaitą.	Keletas žmonių atėjo į paskaitą.	A few people came to the lecture.	žmonių	1	žmogus	Ncmpgn-
Kokių̃ dalỹkų mókaisi mokỹkloje?	Kokių dalykų mokaisi mokykloje?	What subjects do you study at school?	dalykų	1	dalykas	Ncmpgn-
Màno žmonà nekeñčia kačių̃.	Mano žmona nekenčia kačių.	My wife hates cats.	kačių	3	katė	Ncfpgn-
Mẽs lìksime čià ikì kitų̃ varžýbų.	Mes liksime čia iki kitų varžybų.	We'll stay here until the next contest.	varžybų	5	varžybos	Ncfpgn-
Norė́čiau sužinóti kaĩp nusiųstì pinigų̃ į̃ Prancūzìją.	Norėčiau sužinoti kaip nusiųsti pinigų į Prancūziją.	I'd like to know how to send money to France.	pinigų	4	pinigas	Ncmpgn-
Pagal̃ Džòną, bánkas užsidãro trẽčią põ pietų̃.	Pagal Džoną, bankas užsidaro trečią po pietų.	According to John, the bank closes at 3 p.m.	pietų	7	pietūs	Ncmpgn-
Pavãsaris ỹra màno mėgstamiáusias mẽtų laĩkas.	Pavasaris yra mano mėgstamiausias metų laikas.	Spring is my favourite of the four seasons.	metų	4	metai	Ncmpgn-
Tòmui reikė́jo pinigų̃.	Tomui reikėjo pinigų.	Tom needed money.	pinigų	2	pinigas	Ncmpgn-
Ar̃ jaũ atlikaĩ namų̃ dárbus?	Ar jau atlikai namų darbus?	Have you already done your homework?	namų	3	namai	Ncmpgn-
Àš bijaũ laukìnių gyvū̃nų.	Aš bijau laukinių gyvūnų.	I'm afraid of wild animals.	laukinių	2	laukinis	Ncmpgn-
Àš bijaũ laukìnių gyvū̃nų.	Aš bijau laukinių gyvūnų.	I'm afraid of wild animals.	gyvūnų	3	gyvūnas	Ncmpgn-
Àš turiù kẽletą draugų̃ Bòstone.	Aš turiu keletą draugų Bostone.	I have several friends in Boston.	draugų	3	draugas	Ncmpgn-
Atnèšk jái lė̃kštę salõtų.	Atnešk jai lėkštę salotų.	Bring her a plate of salad.	salotų	3	salotos	Ncfpgn-
Dabar̃ ỹra bè dẽšimties minùčių aštúonios.	Dabar yra be dešimties minučių aštuonios.	It's 7:50 in the morning.	minučių	4	minutė	Ncfpgn-
Daugumà žmonių̃ válgė labaĩ greĩtai, ir̃ maĩstas greĩtai dìngo.	Dauguma žmonių valgė labai greitai, ir maistas greitai dingo.	Most folks ate very quickly and the food soon disappeared.	žmonių	1	žmogus	Ncmpgn-
Džònas ỹra prancū̃zų literatū̃ros profèsorius Òksfordo Universitetè.	Džonas yra prancūzų literatūros profesorius Oksfordo Universitete.	John is professor of French literature at Oxford and his wife is French.	prancūzų	2	prancūzas	Ncmpgn-
Jìs išmóko ánglų priẽš išvỹkstant į̃ Ángliją.	Jis išmoko anglų prieš išvykstant į Angliją.	He had learned English before he left for England.	anglų	2	anglas	Ncmpgn-
Mẽs jaũ nebetùrime bùlvių.	Mes jau nebeturime bulvių.	We don't have any potatoes any more.	bulvių	3	bulvė	Ncfpgn-
Mókau ispãnų kalbõs.	Mokau ispanų kalbos.	I teach Spanish.	ispanų	1	ispanas	Ncmpgn-
Nekenčiù kompiùterių.	Nekenčiu kompiuterių.	I hate computers.	kompiuterių	1	kompiuteris	Ncmpgn-
Neturė́tum bè leidìmo skaitýti kitų̃ žmonių̃ asmenìnių laiškų̃.	Neturėtum be leidimo skaityti kitų žmonių asmeninių laiškų.	You shouldn't read other people's private letters without permission.	žmonių	5	žmogus	Ncmpgn-
Neturė́tum bè leidìmo skaitýti kitų̃ žmonių̃ asmenìnių laiškų̃.	Neturėtum be leidimo skaityti kitų žmonių asmeninių laiškų.	You shouldn't read other people's private letters without permission.	laiškų	7	laiškas	Ncmpgn-
Norė́čiau tartì põrą žõdžių.	Norėčiau tarti porą žodžių.	I'd like to say a few words.	žodžių	3	žodis	Ncmpgn-
Paskõlink jám tíek pinigų̃ kíek jám reĩkia.	Paskolink jam tiek pinigų kiek jam reikia.	Lend him as much money as he needs.	pinigų	3	pinigas	Ncmpgn-
Prancūzijà ỹra Vakarų̃ Euròpoje.	Prancūzija yra Vakarų Europoje.	France is in Western Europe.	Vakarų	2	vakarai	Ncmpgn-
Prõ lángą pamatýsi daũg aũkštų kalnų̃.	Pro langą pamatysi daug aukštų kalnų.	You'll see a lot of high mountains through the window.	aukštų	4	aukštas	Ncmpgn-
Prõ lángą pamatýsi daũg aũkštų kalnų̃.	Pro langą pamatysi daug aukštų kalnų.	You'll see a lot of high mountains through the window.	kalnų	5	kalnas	Ncmpgn-
Šiojè šalyjè vidutìnis vaikų̃ skaĩčius šeĩmai nukrìto nuõ dviejų̃ ikì víeno sù pusè.	Šioje šalyje vidutinis vaikų skaičius šeimai nukrito nuo dviejų iki vieno su puse.	In this country the average number of children per family fell from 2 to 1.5.	vaikų	3	vaikas	Ncmpgn-
Šį̃ rýtą bùvo dẽšimt láipsnių žemiaũ nùlio.	Šį rytą buvo dešimt laipsnių žemiau nulio.	It was ten degrees below zero this morning.	laipsnių	4	laipsnis	Ncmpgn-
Viẽtoje bùvo dẽšimt polìcininkų.	Vietoje buvo dešimt policininkų.	There were ten police officers on the spot.	policininkų	3	policininkas	Ncmpgn-
Žmónės, kuriẽ nemãno kàd lotỹnų kalbà ỹra patì gražiáusia, niẽko nesuprañta.	Žmonės, kurie nemano kad lotynų kalba yra pati gražiausia, nieko nesupranta.	People that don't think Latin is the most beautiful language understand nothing.	lotynų	5	lotynas	Ncmpgn-
Añt jõ marškinių̃ bùvo pomidòrų pãdažo dėmė̃.	Ant jo marškinių buvo pomidorų padažo dėmė.	On his shirt there was a sauce stain.	marškinių	2	marškiniai	Ncmpgn-
Añt jõ marškinių̃ bùvo pomidòrų pãdažo dėmė̃.	Ant jo marškinių buvo pomidorų padažo dėmė.	On his shirt there was a sauce stain.	pomidorų	4	pomidoras	Ncmpgn-
Àš maniaũ, kàd šì porà bãtų laikỹs ilgiaũ.	Aš maniau, kad ši pora batų laikys ilgiau.	I thought this pair of shoes would last longer.	batų	6	batas	Ncmpgn-
Àš nemė́gstu didelių̃ miẽstų.	Aš nemėgstu didelių miestų.	I dislike big cities.	miestų	3	miestas	Ncmpgn-
Àš pasiskõlinau pinigų̃ ìš sàvo draũgo.	Aš pasiskolinau pinigų iš savo draugo.	I borrowed some money from a friend.	pinigų	2	pinigas	Ncmpgn-
Atnèšk kìbirą obuolių̃.	Atnešk kibirą obuolių.	Bring a bucket of apples.	obuolių	2	obuolys	Ncmpgn-
Dárbui savanõrių nebùvo.	Darbui savanorių nebuvo.	There were no volunteers for the job.	savanorių	1	savanoris	Ncmpgn-
Gavaũ velnių̃ nuõ mókytojo.	Gavau velnių nuo mokytojo.	I was scolded by my teacher.	velnių	1	velnias	Ncmpgn-
Gyvẽnime ỹra svarbesnių̃ dalỹkų.	Gyvenime yra svarbesnių dalykų.	There are more important things in life.	dalykų	3	dalykas	Ncmpgn-
Kodė̃l niẽkas neválgo màno bùlvių?	Kodėl niekas nevalgo mano bulvių?	Why does nobody eat my potatoes?	bulvių	4	bulvė	Ncfpgn-
Kodė̃l tù nusipirkaĩ gėlių̃?	Kodėl tu nusipirkai gėlių?	Why did you buy flowers?	gėlių	3	gėlė	Ncfpgn-
Liū̃tas ỹra džiùnglių karãlius.	Liūtas yra džiunglių karalius.	The lion is the king of the jungle.	džiunglių	2	džiunglės	Ncfpgn-
Màno tė́vas neválgo daũg vaĩsių.	Mano tėvas nevalgo daug vaisių.	My father does not eat much fruit.	vaisių	4	vaisius	Ncmpgn-
Niekadà neatidarýk jám dùrų.	Niekada neatidaryk jam durų.	Never open the door for him.	durų	3	durys	Ncfpgn-
Niujòrke ỹra daũg japònų restorãnų.	Niujorke yra daug japonų restoranų.	There are many Japanese restaurants in New York.	japonų	3	japonas	Ncmpgn-
Niujòrke ỹra daũg japònų restorãnų.	Niujorke yra daug japonų restoranų.	There are many Japanese restaurants in New York.	restoranų	4	restoranas	Ncmpgn-
Padė́k pomidòrų salotàs į̃ šaldytùvą.	Padėk pomidorų salotas į šaldytuvą.	Put the tomato salad in the refrigerator.	pomidorų	1	pomidoras	Ncmpgn-
Papãsakok mán sàvo į́vykių ver̃siją.	Papasakok man savo įvykių versiją.	Tell me your version of the events.	įvykių	3	įvykis	Ncmpgn-
Šiamè pasáulyje ỹra dalỹkų kuriẽ tiesióg negãli būtì išreikštì žõdžiais.	Šiame pasaulyje yra dalykų kurie tiesiog negali būti išreikšti žodžiais.	There are things in this world which simply cannot be expressed in the form of words.	dalykų	3	dalykas	Ncmpgn-
Šiuõ metù Tòmas móko ánglų kalbõs Japònijoje.	Šiuo metu Tomas moko anglų kalbos Japonijoje.	Tom currently teaches English in Japan.	anglų	4	anglas	Ncmpgn-
Tòmas sumokė́jo daũg pinigų̃ ùž šią̃ gitãrą.	Tomas sumokėjo daug pinigų už šią gitarą.	Tom paid a lot of money for that guitar.	pinigų	3	pinigas	Ncmpgn-
Anà dažnaĩ žaĩdžia tènisą põ pamokų̃.	Ana dažnai žaidžia tenisą po pamokų.	Ann often plays tennis after school.	pamokų	5	pamoka	Ncfpgn-
Ar̃ dvejų̃ mẽtų berniùkas gãli bėgtì taĩp greĩtai?	Ar dvejų metų berniukas gali bėgti taip greitai?	Can a two-year-old boy run that fast?	dvejų	1	dveja	Ncfpgn-
Ar̃ dvejų̃ mẽtų berniùkas gãli bėgtì taĩp greĩtai?	Ar dvejų metų berniukas gali bėgti taip greitai?	Can a two-year-old boy run that fast?	metų	2	metai	Ncmpgn-
Àš dažnaĩ žaidžiù tènisą põ pamokų̃.	Aš dažnai žaidžiu tenisą po pamokų.	I often play tennis after school.	pamokų	5	pamoka	Ncfpgn-
Àš negaliù rastì sàvo akinių̃.	Aš negaliu rasti savo akinių.	I can't find my glasses.	akinių	4	akiniai	Ncmpgn-
Àš nemė́gstu baisių̃ fìlmų.	Aš nemėgstu baisių filmų.	I don't like scary movies.	filmų	3	filmas	Ncmpgn-
Àš nukritaũ nuõ kópėčių.	Aš nukritau nuo kopėčių.	I fell off the ladder.	kopėčių	3	kopėčios	Ncfpgn-
Àš pradė́jau mókytis ánglų kalbõs priẽš šẽšerius metùs.	Aš pradėjau mokytis anglų kalbos prieš šešerius metus.	I started learning English six years ago.	anglų	3	anglas	Ncmpgn-
Àš šiañdien patì pagamìnsiu sáu salõtų.	Aš šiandien pati pagaminsiu sau salotų.	Today, I'll make some salad for myself on my own.	salotų	5	salotos	Ncfpgn-
Daũg jaunų̃ ispãnų netùri dárbo.	Daug jaunų ispanų neturi darbo.	Many young people in Spain are unemployed.	ispanų	2	ispanas	Ncmpgn-
Jám reĩkia akinių̃.	Jam reikia akinių.	He needs glasses.	akinių	2	akiniai	Ncmpgn-
Jám reĩkia kópėčių.	Jam reikia kopėčių.	He needs a ladder.	kopėčių	2	kopėčios	Ncfpgn-
Jéi turė́site kokių̃ nórs sunkùmų, kreĩpkitės į̃ manè pagálbos.	Jei turėsite kokių nors sunkumų, kreipkitės į mane pagalbos.	If you have any difficulty, ask me for help.	nors	3	sunkumas	Ncmpgn-
Jìs grį̃žo põ dvejų̃ dienų̃.	Jis grįžo po dvejų dienų.	He came back two days after.	dvejų	3	dveja	Ncfpgn-
Jìs grį̃žo põ dvejų̃ dienų̃.	Jis grįžo po dvejų dienų.	He came back two days after.	dienų	4	diena	Ncfpgn-
Jìs mìrė põ dvejų̃ valandų̃.	Jis mirė po dvejų valandų.	He died two hours later.	dvejų	3	dveja	Ncfpgn-
Jìs mìrė põ dvejų̃ valandų̃.	Jis mirė po dvejų valandų.	He died two hours later.	valandų	4	valanda	Ncfpgn-
Jìs netùri draugų̃, kuriẽ jám galė́tų patartì.	Jis neturi draugų, kurie jam galėtų patarti.	He has no friends to advise him.	draugų	2	draugas	Ncmpgn-
Jõ elgesỹs sukė́lė mán įtarìmų.	Jo elgesys sukėlė man įtarimų.	His behavior aroused my suspicions.	įtarimų	4	įtarimas	Ncmpgn-
Kìnų filosòfija ỹra patì geriáusia.	Kinų filosofija yra pati geriausia.	Chinese philosophy is the best.	Kinų	0	kinas	Ncmpgn-
Krepšìnio kománda susìdeda ìš penkių̃ žaidė́jų.	Krepšinio komanda susideda iš penkių žaidėjų.	A basketball team consists of five players.	žaidėjų	5	žaidėjas	Ncmpgn-
Nekìšk rañkų kur̃ nereĩkia!	Nekišk rankų kur nereikia!	Don't stick your hands where they don't belong!	rankų	1	ranka	Ncfpgn-
Põ dvejų̃ minùčių mū́sų automobìlyje baĩgėsi degalaĩ.	Po dvejų minučių mūsų automobilyje baigėsi degalai.	Our car ran out of gas after two minutes.	dvejų	1	dveja	Ncfpgn-
Põ dvejų̃ minùčių mū́sų automobìlyje baĩgėsi degalaĩ.	Po dvejų minučių mūsų automobilyje baigėsi degalai.	Our car ran out of gas after two minutes.	minučių	2	minutė	Ncfpgn-
Tù žinaĩ daũg įdomių̃ viẽtų, ar̃ nè?	Tu žinai daug įdomių vietų, ar ne?	You know many interesting places, don't you?	vietų	4	vieta	Ncfpgn-
Vilkaĩ neválgo salõtų.	Vilkai nevalgo salotų.	Wolves don't eat salad.	salotų	2	salotos	Ncfpgn-
Àš nóriu skristì vir̃š debesų̃.	Aš noriu skristi virš debesų.	I want to fly above the clouds.	debesų	4	debesis	Ncmpgn-
Àš skridaũ vir̃š debesų̃.	Aš skridau virš debesų.	I flew above the clouds.	debesų	3	debesis	Ncmpgn-
Dangujè švỹti daugýbė žvaigždžių̃.	Danguje švyti daugybė žvaigždžių.	Many stars shine in the heavens.	žvaigždžių	3	žvaigždė	Ncfpgn-
Daugumà krepšìnio žaidė́jų ỹra labaĩ aũkšti.	Dauguma krepšinio žaidėjų yra labai aukšti.	Most basketball players are very tall.	žaidėjų	2	žaidėjas	Ncmpgn-
Daugumà studeñtų mė́gsta spòrtą.	Dauguma studentų mėgsta sportą.	Most students like sports.	studentų	1	studentas	Ncmpgn-
Jì tùri ir̃ trū́kumų.	Ji turi ir trūkumų.	She has faults, too.	trūkumų	3	trūkumas	Ncmpgn-
Jungtìnėse Valstìjose įstãtymai skìriasi tar̃p valstìjų.	Jungtinėse Valstijose įstatymai skiriasi tarp valstijų.	Laws differ from state to state in the United States.	valstijų	5	valstija	Ncfpgn-
Jungtìnėse Valstìjose ỹra peñkiasdešimt valstìjų.	Jungtinėse Valstijose yra penkiasdešimt valstijų.	There are fifty states in the United States.	valstijų	4	valstija	Ncfpgn-
Lėktùvas skreñda vir̃š debesų̃.	Lėktuvas skrenda virš debesų.	The plane is flying above the clouds.	debesų	3	debesis	Ncmpgn-
Lėktùvas skrìdo vir̃š debesų̃.	Lėktuvas skrido virš debesų.	The plane flew above the clouds.	debesų	3	debesis	Ncmpgn-
Mèksikos sóstinė ỹra didžiáusias miẽstas Lotỹnų Amèrikoje.	Meksikos sostinė yra didžiausias miestas Lotynų Amerikoje.	The capital of Mexico is the largest city in Latin America.	Lotynų	5	lotynas	Ncmpgn-
Mẽs sù Tomù netùrime jokių̃ paslapčių̃ víenas nuõ kìto.	Mes su Tomu neturime jokių paslapčių vienas nuo kito.	Tom and I have no secrets from each other.	paslapčių	5	paslaptis	Ncfpgn-
Mū́sų lėktùvas skrìdo vir̃š debesų̃.	Mūsų lėktuvas skrido virš debesų.	Our plane was flying above the clouds.	debesų	4	debesis	Ncmpgn-
Nebijókite naujų̃ pažinčių̃.	Nebijokite naujų pažinčių.	Don't be scared to meet new people.	pažinčių	2	pažintis	Ncfpgn-
Pàmenu tą̃ nãktį, kaĩ àš pìrmą kar̃tą pamačiaũ Paũkščių Tãką.	Pamenu tą naktį, kai aš pirmą kartą pamačiau Paukščių Taką.	I remember the night when I first saw the Milky Way.	Paukščių	9	paukštis	Ncmpgn-
Põ jõ lóva slẽpiasi daũg juodų̃ kačių̃.	Po jo lova slepiasi daug juodų kačių.	There are many black cats hiding under the bed.	kačių	6	katė	Ncfpgn-
Šì istòrija neatitiñka fãktų.	Ši istorija neatitinka faktų.	The story doesn't match the facts.	faktų	3	faktas	Ncmpgn-
Tòmas nežìno Mèrės bãtų dỹdžio.	Tomas nežino Merės batų dydžio.	Tom doesn't know what Mary's shoe size is.	batų	3	batas	Ncmpgn-
Tòmas paprãšė Mèrės pinigų̃.	Tomas paprašė Merės pinigų.	Tom asked Mary for money.	pinigų	3	pinigas	Ncmpgn-
Tòmui nederė́jo vogtì Mèrės pinigų̃.	Tomui nederėjo vogti Merės pinigų.	Tom shouldn't have stolen Mary's money.	pinigų	4	pinigas	Ncmpgn-
Vìs trū́ksta trijų̃ asmenų̃.	Vis trūksta trijų asmenų.	Three people are still missing.	asmenų	3	asmuo	Ncmpgn-
Ar̃ mùms užteñka kėdžių̃?	Ar mums užtenka kėdžių?	Do we have enough chairs?	kėdžių	3	kėdė	Ncfpgn-
Àš mókausi tur̃kų kalbõs.	Aš mokausi turkų kalbos.	I am learning Turkish.	turkų	2	turkas	Ncmpgn-
Àš padovanósiu jái gėlių̃.	Aš padovanosiu jai gėlių.	I'll give her some flowers.	gėlių	3	gėlė	Ncfpgn-
Atléiskite, kàd sukė́liau jùms tíek rū̃pesčių.	Atleiskite, kad sukėliau jums tiek rūpesčių.	I am sorry that I have troubled you so much.	rūpesčių	6	rūpestis	Ncmpgn-
Atléisk, kàd sukė́liau táu tíek rū̃pesčių.	Atleisk, kad sukėliau tau tiek rūpesčių.	I am sorry that I have troubled you so much.	rūpesčių	6	rūpestis	Ncmpgn-
Kitamè gãtvės galè ỹra vaikų̃ daržẽlis.	Kitame gatvės gale yra vaikų darželis.	There is a kindergarten at the other end of the street.	vaikų	4	vaikas	Ncmpgn-
Kurì ìš šių̃ dvejų̃ ỹra geróji?	Kuri iš šių dvejų yra geroji?	Which one of these two is the good one?	dvejų	3	dveja	Ncfpgn-
Màno mamà nupir̃ko dù bùtelius apelsìnų sùlčių.	Mano mama nupirko du butelius apelsinų sulčių.	My mother bought two bottles of orange juice.	apelsinų	5	apelsinas	Ncmpgn-
Màno mamà nupir̃ko dù bùtelius apelsìnų sùlčių.	Mano mama nupirko du butelius apelsinų sulčių.	My mother bought two bottles of orange juice.	sulčių	6	sultys	Ncfpgn-
Mẽs skreñdame vir̃š debesų̃.	Mes skrendame virš debesų.	We are flying above the clouds.	debesų	3	debesis	Ncmpgn-
Tù niekadà nesuprantì màno juokų̃.	Tu niekada nesupranti mano juokų.	You never get my jokes.	juokų	4	juokas	Ncmpgn-
Vienà ìš kul̃kų pàžeidė jõ stùburą.	Viena iš kulkų pažeidė jo stuburą.	One of the bullets damaged his spine.	kulkų	2	kulka	Ncfpgn-
Žmónės vìs dár nè tùri gim̃dymo ùž Žẽmės ribų̃ patirtiẽs.	Žmonės vis dar ne turi gimdymo už Žemės ribų patirties.	People still have no experience in bearing children outside of Earth.	ribų	8	riba	Ncfpgn-
Aleksándra pérėjo priẽ rùsų kalbõs.	Aleksandra perėjo prie rusų kalbos.	Alexandra switched to Russian.	rusų	3	rusas	Ncmpgn-
Àš paslýdau ir̃ nukritaũ nuõ láiptų.	Aš paslydau ir nukritau nuo laiptų.	I slipped and fell down the stairs.	laiptų	5	laiptas	Ncmpgn-
Išver̃sk šią̃ knỹgą į̃ ánglų kal̃bą.	Išversk šią knygą į anglų kalbą.	Translate this book into English.	anglų	4	anglas	Ncmpgn-
Jám bùvo dẽšimt mẽtų kaĩ jìs atvỹko į̃ Japòniją.	Jam buvo dešimt metų kai jis atvyko į Japoniją.	He came to Japan when he was 10 years old.	metų	3	metai	Ncmpgn-
Jéi àš bū́čiau bùvęs turtìngas, àš táu bū́čiau dãvęs šíek tíek pinigų̃.	Jei aš būčiau buvęs turtingas, aš tau būčiau davęs šiek tiek pinigų.	If I had been rich, I would have given you some money.	tiek	11	pinigas	Ncmpgn-
Kíek artimų̃ draugų̃ tù tùri?	Kiek artimų draugų tu turi?	How many close friends do you have?	artimų	1	artimas	Ncmpgn-
Kíek artimų̃ draugų̃ tù tùri?	Kiek artimų draugų tu turi?	How many close friends do you have?	draugų	2	draugas	Ncmpgn-
Mán baĩsiai įkyrė́jo Tòmas, Mèrė, Bòstonas ir̃ prancū̃zų kalbà.	Man baisiai įkyrėjo Tomas, Merė, Bostonas ir prancūzų kalba.	I'm awfully fed up with Tom, Mary, Boston and French.	prancūzų	9	prancūzas	Ncmpgn-
Mán nepatiñka nė̃ víenas ìš šių̃ pavéikslų.	Man nepatinka nė vienas iš šių paveikslų.	I don't like any of these paintings.	šių	5	paveikslas	Ncmpgn-
Mãrika ỹra súomė, bèt jì mòka vókiečių kal̃bą.	Marika yra suomė, bet ji moka vokiečių kalbą.	Marika is Finnish, but she knows German.	vokiečių	7	vokietis	Ncmpgn-
Nebijókite pérmainų.	Nebijokite permainų.	Don't be afraid of change.	permainų	1	permaina	Ncfpgn-
Nebijók pérmainų.	Nebijok permainų.	Don't be afraid of change.	permainų	1	permaina	Ncfpgn-
Paskutìnį dešim̃tmetį mẽs patýrėme daũg pérmainų.	Paskutinį dešimtmetį mes patyrėme daug permainų.	We have experienced many changes over the last decade.	permainų	5	permaina	Ncfpgn-
Polìcininkas pareikalãvo jų̃ vardų̃ ir̃ adresų̃.	Policininkas pareikalavo jų vardų ir adresų.	The policeman demanded their names and addresses.	vardų	3	vardas	Ncmpgn-
Polìcininkas pareikalãvo jų̃ vardų̃ ir̃ adresų̃.	Policininkas pareikalavo jų vardų ir adresų.	The policeman demanded their names and addresses.	adresų	5	adresas	Ncmpgn-
Šveñto Pẽtro aikštė̃ bùvo pìlna žmonių̃.	Švento Petro aikštė buvo pilna žmonių.	Saint Peter's Square was crowded.	žmonių	5	žmogus	Ncmpgn-
Tàvo laĩkrodis vėlúoja dẽšimčia minùčių.	Tavo laikrodis vėluoja dešimčia minučių.	Your watch is ten minutes slow.	minučių	4	minutė	Ncfpgn-
Vėžliaĩ netùri dantų̃.	Vėžliai neturi dantų.	Turtles don't have teeth.	dantų	2	dantis	Ncmpgn-
Viliúosi kàd galė́siu vairúoti tàvo automobìlį bè jokių̃ problèmų.	Viliuosi kad galėsiu vairuoti tavo automobilį be jokių problemų.	I hope I can drive your car without any troubles.	problemų	8	problema	Ncfpgn-
Ar̃ tù norė́tum paválgyti kèptų bùlvių?	Ar tu norėtum pavalgyti keptų bulvių?	Would you like to eat some fried potatoes?	bulvių	5	bulvė	Ncfpgn-
Àš bijaũ vorų̃.	Aš bijau vorų.	I'm afraid of spiders.	vorų	2	voras	Ncmpgn-
Àš negaliù pakęstì vorų̃.	Aš negaliu pakęsti vorų.	I abhor spiders.	vorų	3	voras	Ncmpgn-
Àš paláuksiu kõl tù pabaĩgsi sàvo namų̃ dárbus.	Aš palauksiu kol tu pabaigsi savo namų darbus.	I will wait until you have finished your homework.	namų	6	namai	Ncmpgn-
Àš radaũ põrą pir̃štinių põ kėdè.	Aš radau porą pirštinių po kėde.	I found a pair of gloves under the chair.	pirštinių	3	pirštinė	Ncfpgn-
Àš tuõ metù buvaũ tìk septynerių̃ mẽtų mergáitė.	Aš tuo metu buvau tik septynerių metų mergaitė.	I was only a seven-year-old girl at that time.	metų	6	metai	Ncmpgn-
Autobùsas atvažiuõs į̃ stõtį põ penkiólikos minùčių.	Autobusas atvažiuos į stotį po penkiolikos minučių.	The bus will arrive at the station in fifteen minutes.	minučių	6	minutė	Ncfpgn-
Daugumà amerikiẽčių mė́gsta mėsainiùs.	Dauguma amerikiečių mėgsta mėsainius.	Most Americans like hamburgers.	amerikiečių	1	amerikietis	Ncmpgn-
Jiẽ ramiaĩ stovė́jo ir̃ klaũsėsi kalbų̃.	Jie ramiai stovėjo ir klausėsi kalbų.	They stood calmly and listened to speeches.	kalbų	5	kalba	Ncfpgn-
Jì neprisìmena kíek lėkščių̃ mẽs tùrime atsinèšti.	Ji neprisimena kiek lėkščių mes turime atsinešti.	She doesn't remember how many plates we have to bring.	lėkščių	3	lėkštė	Ncfpgn-
Jìs nekeñčia vorų̃.	Jis nekenčia vorų.	He hates spiders.	vorų	2	vora	Ncfpgn-
Mèrė niekadà nedė̃vi tų̃ pačių̃ rū̃bų dù kartùs į̃ saváitę.	Merė niekada nedėvi tų pačių rūbų du kartus į savaitę.	Mary never wears the same clothes twice in a week.	pačių	4	rūbas	Ncmpgn-
Mẽs tùrime beñdrų interèsų.	Mes turime bendrų interesų.	We have common interests.	bendrų	2	bendras	Ncmpgn-
Mẽs tùrime beñdrų interèsų.	Mes turime bendrų interesų.	We have common interests.	interesų	3	interesas	Ncmpgn-
Mókytojas ir̃ mokiniaĩ ỹra pavéikslų galèrijoje.	Mokytojas ir mokiniai yra paveikslų galerijoje.	The teacher and the students are at the art museum.	paveikslų	4	paveikslas	Ncmpgn-
Pasáulyje daũg žmonių̃ skùndžiasi kàd jiẽ netùri laĩko skaitýti.	Pasaulyje daug žmonių skundžiasi kad jie neturi laiko skaityti.	Many people in the world complain that they don't have time to read.	žmonių	2	žmogus	Ncmpgn-
Tòmas negalė́jo atskirtì dvynių̃ víeno nuõ kìto.	Tomas negalėjo atskirti dvynių vieno nuo kito.	Tom couldn't tell the two twins apart.	dvynių	3	dvynys	Ncmpgn-
Tū́kstančiai žmonių̃ mìršta nuõ al̃kio.	Tūkstančiai žmonių miršta nuo alkio.	Thousands of people died of hunger.	žmonių	1	žmogus	Ncmpgn-
Turė́jo būtì lénkų kalbà õ bùvo matemãtika.	Turėjo būti lenkų kalba o buvo matematika.	It had to be an easy language, or it was math.	lenkų	2	lenkas	Ncmpgn-
Turiù daũg ùžsienio kalbų̃ mókymosi knỹgų.	Turiu daug užsienio kalbų mokymosi knygų.	I have many language books.	kalbų	3	kalba	Ncfpgn-
Turiù daũg ùžsienio kalbų̃ mókymosi knỹgų.	Turiu daug užsienio kalbų mokymosi knygų.	I have many language books.	knygų	5	knyga	Ncfpgn-
Vakariẽnė bùs pàruošta põ maždaũg penkiólikos minùčių.	Vakarienė bus paruošta po maždaug penkiolikos minučių.	Dinner will be ready in about fifteen minutes.	minučių	6	minutė	Ncfpgn-
Ánglų kalbõs mókymas ỹra jõ profèsija.	Anglų kalbos mokymas yra jo profesija.	Teaching English is his profession.	Anglų	0	anglas	Ncmpgn-
Àš bijaũ aukštumų̃.	Aš bijau aukštumų.	I'm afraid of heights.	aukštumų	2	aukštuma	Ncfpgn-
Àš studijúoju japònų kal̃bą.	Aš studijuoju japonų kalbą.	I am learning Japanese.	japonų	2	japonas	Ncmpgn-
Àš turiù išspáusdinti šim̃tą pùslapių.	Aš turiu išspausdinti šimtą puslapių.	I have to print 100 pages.	puslapių	4	puslapis	Ncmpgn-
Ateitìs priklaũso tíems, kuriẽ tìki sàvo svajõnių grožiù.	Ateitis priklauso tiems, kurie tiki savo svajonių grožiu.	The future belongs to those who believe in the beauty of their dreams.	svajonių	7	svajonė	Ncfpgn-
Daugė́ja studeñtų, kuriẽ vỹksta atostogáuti į̃ ùžsienį.	Daugėja studentų, kurie vyksta atostogauti į užsienį.	The number of students who travel abroad for vacation is increasing.	studentų	1	studentas	Ncmpgn-
Derýbų žlugìmas reĩkš kãrą.	Derybų žlugimas reikš karą.	A breakdown in the negotiations will mean war.	Derybų	0	derybos	Ncfpgn-
Íeškau knỹgos apiẽ vidùramžių Ispãniją.	Ieškau knygos apie viduramžių Ispaniją.	I'm looking for a book about medieval Spain.	viduramžių	3	viduramžiai	Ncmpgn-
Jì neùždaro dùrų.	Ji neuždaro durų.	She doesn't close the door.	durų	2	durys	Ncfpgn-
Ką̃ tìk pàbaigiau darýti prancū̃zų kalbõs namų̃ dárbus.	Ką tik pabaigiau daryti prancūzų kalbos namų darbus.	I've just now finished doing my French homework.	daryti	3	prancūzas	Ncmpgn-
Ką̃ tìk pàbaigiau darýti prancū̃zų kalbõs namų̃ dárbus.	Ką tik pabaigiau daryti prancūzų kalbos namų darbus.	I've just now finished doing my French homework.	kalbos	5	namai	Ncmpgn-
Ką̃ tìk pàbaigiau namų̃ dárbus.	Ką tik pabaigiau namų darbus.	I have just finished my homework.	pabaigiau	2	namai	Ncmpgn-
Kománda susidãro ìš vienúolikos žaidė́jų.	Komanda susidaro iš vienuolikos žaidėjų.	A team is composed of eleven players.	žaidėjų	4	žaidėjas	Ncmpgn-
Màno tė́vas mìrė bū́damas kẽturiasdešimt devynerių̃ mẽtų.	Mano tėvas mirė būdamas keturiasdešimt devynerių metų.	My father died at the age of forty-nine.	metų	6	metai	Ncmpgn-
Miestè gyvẽnantys žmónės káimo gyvẽnimo malonùmų nežìno.	Mieste gyvenantys žmonės kaimo gyvenimo malonumų nežino.	People living in town don't know the pleasures of country life.	malonumų	5	malonumas	Ncmpgn-
Nàgi, sūnaũ. Nustók káutis sù blõgio jėgomìs beñt dẽšimčiai minùčių ir̃ ateĩk paválgyti vakariẽnės!	Nagi, sūnau. Nustok kautis su blogio jėgomis bent dešimčiai minučių ir ateik pavalgyti vakarienės!	Come on, son. Quit battling the forces of evil for ten minutes and come to dinner!	minučių	11	minutė	Ncfpgn-
Nepalìk dùrų pravirų̃.	Nepalik durų pravirų.	Don't leave the door open.	durų	1	durys	Ncfpgn-
Paprastaĩ vilkaĩ neužpúola žmonių̃.	Paprastai vilkai neužpuola žmonių.	Wolves won't usually attack people.	žmonių	3	žmogus	Ncmpgn-
Patalpõs plótas ỹra dù sù pusè kvadrãtinių mètrų.	Patalpos plotas yra du su puse kvadratinių metrų.	The room's area is two and half square meters.	metrų	7	metras	Ncmpgn-
Víeno lašẽlio nuodų̃ pakañka nužudýti šim̃tą šẽšiasdešimt žmonių̃.	Vieno lašelio nuodų pakanka nužudyti šimtą šešiasdešimt žmonių.	One drop of the poison is enough to kill 160 people.	nuodų	2	nuodas	Ncmpgn-
Víeno lašẽlio nuodų̃ pakañka nužudýti šim̃tą šẽšiasdešimt žmonių̃.	Vieno lašelio nuodų pakanka nužudyti šimtą šešiasdešimt žmonių.	One drop of the poison is enough to kill 160 people.	žmonių	7	žmogus	Ncmpgn-
Ar̃ gãlite paródyti mán kẽlią į̃ autobùsų stotẽlę?	Ar galite parodyti man kelią į autobusų stotelę?	Could you show me the way to the bus stop?	autobusų	6	autobusas	Ncmpgn-
Àš nepriim̃siu tokių̃ žmonių̃ sàvo namuosè.	Aš nepriimsiu tokių žmonių savo namuose.	I won't accept that kind of people in my house.	žmonių	3	žmogus	Ncmpgn-
Àš turiù daũg draugų̃ gyvẽnančių Bòstone.	Aš turiu daug draugų gyvenančių Bostone.	I have a lot of friends living in Boston.	draugų	3	draugas	Ncmpgn-
Grúodis ỹra paskutìnis mẽtų mė́nuo.	Gruodis yra paskutinis metų mėnuo.	December is the last month of the year.	metų	3	metai	Ncmpgn-
Kàs jùms dė́sto vókiečių kal̃bą?	Kas jums dėsto vokiečių kalbą?	Who teaches you German?	vokiečių	3	vokietis	Ncmpgn-
Màno šeimà niekadà neturė́jo pakañkamai pinigų̃ atóstogoms.	Mano šeima niekada neturėjo pakankamai pinigų atostogoms.	The family never had enough money for vacations.	pinigų	5	pinigas	Ncmpgn-
Nekenčiù mõrkų.	Nekenčiu morkų.	I hate carrots.	morkų	1	morka	Ncfpgn-
Nemė́tyk akmenų̃ į̃ ùpę.	Nemėtyk akmenų į upę.	Don't throw stones into the river.	akmenų	1	akmuo	Ncmpgn-
Nèt ir̃ smùlki klaidà gãli turė́ti didelių̃ pasekmių̃.	Net ir smulki klaida gali turėti didelių pasekmių.	Even a small mistake could have large consequences.	didelių	6	pasekmė	Ncfpgn-
Palìk ją̃. Jái reĩkia kelių̃ minùčių vienãtvėje.	Palik ją. Jai reikia kelių minučių vienatvėje.	Leave her. She needs a few minutes alone.	kelių	5	kelis	Ncmpgn-
Palìk ją̃. Jái reĩkia kelių̃ minùčių vienãtvėje.	Palik ją. Jai reikia kelių minučių vienatvėje.	Leave her. She needs a few minutes alone.	minučių	6	minutė	Ncfpgn-
Põ tõ stalų̃ ỹra mažàs rudàs šuniùkas.	Po to stalų yra mažas rudas šuniukas.	There is a small brown dog under that table.	stalų	2	stalas	Ncmpgn-
Praeitaĩs mẽtais bùvo dìdelis pèrsikų der̃lius.	Praeitais metais buvo didelis persikų derlius.	There was a large harvest of peaches last year.	persikų	4	persikas	Ncmpgn-
Praeĩtų mẽtų der̃lius bùvo prastàs.	Praeitų metų derlius buvo prastas.	Last year, there was a bad harvest.	metų	1	metai	Ncmpgn-
Tòmas nežìno skìrtumo tar̃p čigõnų ir̃ veñgrų.	Tomas nežino skirtumo tarp čigonų ir vengrų.	Tom doesn't know the difference between a Roma and a Hungarian.	čigonų	4	čigonas	Ncmpgn-
Tòmas nežìno skìrtumo tar̃p čigõnų ir̃ veñgrų.	Tomas nežino skirtumo tarp čigonų ir vengrų.	Tom doesn't know the difference between a Roma and a Hungarian.	vengrų	6	vengras	Ncmpgn-
Tùrime nedaũg prógų kalbė́ti vókiškai.	Turime nedaug progų kalbėti vokiškai.	We have few opportunities to speak German.	progų	2	proga	Ncfpgn-
Turtuõliai tùri daũg draugų̃.	Turtuoliai turi daug draugų.	The rich have many friends.	draugų	3	draugas	Ncmpgn-
Žmónės sukìlo priẽš karãlių.	Žmonės sukilo prieš karalių.	The people rebelled against the king.	karalių	3	karalius	Ncmpgn-
Ar̃ palydė́si manè ikì var̃tų?	Ar palydėsi mane iki vartų?	Will you take me to the gate?	vartų	4	vartai	Ncmpgn-
Ar̃ tùrite kokių̃ nórs prieštarãvimų?	Ar turite kokių nors prieštaravimų?	Do you have any objections?	nors	3	prieštaravimas	Ncmpgn-
Àš negaliù válgyti žalių̃ kiaušìnių, Jiẽ tùri būtì išvirtì.	Aš negaliu valgyti žalių kiaušinių, Jie turi būti išvirti.	I can't eat raw eggs. They have to be cooked.	kiaušinių	4	kiaušinis	Ncmpgn-
Àš sáu neléidžiu válgyti saldumýnų.	Aš sau neleidžiu valgyti saldumynų.	I don't allow myself to have sweets.	saldumynų	4	saldumynas	Ncmpgn-
Àš turiù daũg gėlių̃. Kaĩ kuriõs ỹra raudónos ir̃ kaĩ kuriõs geltónos.	Aš turiu daug gėlių. Kai kurios yra raudonos ir kai kurios geltonos.	I have a lot of flowers. Some are red and some are yellow.	gėlių	3	gėlė	Ncfpgn-
Àš turiù kẽletą sidabrìnių monètų.	Aš turiu keletą sidabrinių monetų.	I have several silver coins.	monetų	4	moneta	Ncfpgn-
Bókštas stovė́jo tar̃p griuvė̃sių.	Bokštas stovėjo tarp griuvėsių.	The tower stood amid the ruins.	griuvėsių	3	griuvėsiai	Ncmpgn-
Dė́stau ispãnų kal̃bą.	Dėstau ispanų kalbą.	I teach Spanish.	ispanų	1	ispanas	Ncmpgn-
Dúok mán pùsę kilogrãmo pomidòrų.	Duok man pusę kilogramo pomidorų.	Give me half a kilo of tomatoes.	pomidorų	4	pomidoras	Ncmpgn-
Gyvenù mažamè káime peñkiasdešimt kilomètrų nuõ Lénkijos sóstinės.	Gyvenu mažame kaime penkiasdešimt kilometrų nuo Lenkijos sostinės.	I live in a small village fifty kilometers from the Polish capital.	kilometrų	4	kilometras	Ncmpgn-
Itãlijoje ỹra daũg senóvinių miẽstų, pãvyzdžiui Romà ir̃ Venècija.	Italijoje yra daug senovinių miestų, pavyzdžiui Roma ir Venecija.	There are many ancient cities in Italy, Rome and Venice for example.	miestų	4	miestas	Ncmpgn-
Kanãdoje mẽs miẽgame añt lóvos õ nè añt grindų̃.	Kanadoje mes miegame ant lovos o ne ant grindų.	In Canada we sleep in a bed, not on the floor.	grindų	8	grindys	Ncfpgn-
Mẽs praléidžiame vìs daugiaũ laĩko priẽ kompiùterių.	Mes praleidžiame vis daugiau laiko prie kompiuterių.	We spent more and more time at the computers.	kompiuterių	6	kompiuteris	Ncmpgn-
Nenorė́jau užgautì tàvo jausmų̃.	Nenorėjau užgauti tavo jausmų.	I didn't want to hurt your feelings.	jausmų	3	jausmas	Ncmpgn-
Niekadà nesupràsiu móterų.	Niekada nesuprasiu moterų	I'll never understand women.	moterų	2	moteris	Ncfpgn-
Niẽkas negalė́jo pagautì tų̃ kelių̃ paskutìnių vìštų.	Niekas negalėjo pagauti tų kelių paskutinių vištų.	Nobody could catch those last few hens.	kelių	4	kelis	Ncmpgn-
Niẽkas negalė́jo pagautì tų̃ kelių̃ paskutìnių vìštų.	Niekas negalėjo pagauti tų kelių paskutinių vištų.	Nobody could catch those last few hens.	vištų	6	višta	Ncfpgn-
Rùdenį mẽdžių lãpai tam̃pa raudõni ir̃ geltõni.	Rudenį medžių lapai tampa raudoni ir geltoni.	In the fall, the leaves turn red and gold.	medžių	1	medis	Ncmpgn-
Šiaĩs laikaĩs daũg žmonių̃ gáuna aukštèsnį išsilãvinimą.	Šiais laikais daug žmonių gauna aukštesnį išsilavinimą.	Today, many people receive higher education.	žmonių	3	žmogus	Ncmpgn-
Šiáurės ašìgalyje pingvìnų nėrà.	Šiaurės ašigalyje pingvinų nėra.	At the North Pole, there are no penguins.	pingvinų	2	pingvinas	Ncmpgn-
Tegyvúoja Tarýbų Są́junga!	Tegyvuoja Tarybų Sąjunga!	Long live the Soviet Union!	Tarybų	1	taryba	Ncfpgn-
Tòmas netùri prieštarãvimų dė̃l tàvo plãno.	Tomas neturi prieštaravimų dėl tavo plano.	Tom has no objection to your plan.	prieštaravimų	2	prieštaravimas	Ncmpgn-
Daũg europiẽčių nepažį́sta šiuolaikìnės Japònijos.	Daug europiečių nepažįsta šiuolaikinės Japonijos.	Many Europeans do not know modern Japan.	europiečių	1	europietis	Ncmpgn-
Jìs padarỹs bèt ką̃, kàd uždìrbtų pinigų̃.	Jis padarys bet ką, kad uždirbtų pinigų.	He will do anything to make money.	uždirbtų	6	pinigas	Ncmpgn-
Kaĩ màno dė̃dė vỹko į̃ Amèriką, daũg žmonių̃ atė̃jo į̃ óro úostą išlydė́ti jõ.	Kai mano dėdė vyko į Ameriką, daug žmonių atėjo į oro uostą išlydėti jo.	When my uncle left for America, many people came to see him off at the airport.	žmonių	8	žmogus	Ncmpgn-
Kíek pinigų̃ tù tùri paslė̃pęs põ sàvo lóva?	Kiek pinigų tu turi paslėpęs po savo lova?	How much money do you have hidden under your bed?	pinigų	1	pinigas	Ncmpgn-
Màno nãmas ỹra netolì nuõ autobùsų stotẽlės.	Mano namas yra netoli nuo autobusų stotelės.	My house is close to a bus stop.	autobusų	5	autobusas	Ncmpgn-
Mū́sų miestè ỹra daũg párkų.	Mūsų mieste yra daug parkų.	There are many parks in our town.	parkų	4	parkas	Ncmpgn-
Šiamè planè nėrà jokių̃ ýdų.	Šiame plane nėra jokių ydų.	This plan has no flaws.	ydų	4	yda	Ncfpgn-
Šitàs televìzorius tùri dvejų̃ mẽtų garántiją.	Šitas televizorius turi dvejų metų garantiją.	This TV set has a two year guarantee.	dvejų	3	dveja	Ncfpgn-
Šitàs televìzorius tùri dvejų̃ mẽtų garántiją.	Šitas televizorius turi dvejų metų garantiją.	This TV set has a two year guarantee.	metų	4	metai	Ncmpgn-
Taĩ ỹra pìrmas kar̃tas kaĩ àš nùsiunčiau Mèrei gėlių̃.	Tai yra pirmas kartas kai aš nusiunčiau Merei gėlių.	This is the first time I've sent flowers to Mary.	gėlių	8	gėlė	Ncfpgn-
Teñ visadà daũg žmonių̃, bèt àš užrezervavaũ staliùką, tàd mùms nėrà kõ jáudintis.	Ten visada daug žmonių, bet aš užrezervavau staliuką, tad mums nėra ko jaudintis.	That place is always crowded, but I reserved a table today, so we don't have to worry.	žmonių	3	žmogus	Ncmpgn-
Tòmas tùri bánko są́skaitą Kaimãnų salosè.	Tomas turi banko sąskaitą Kaimanų salose.	Tom has a bank account in the Cayman Islands.	Kaimanų	4	kaimanas	Ncmpgn-
Àš nekenčiù melãgių.	Aš nekenčiu melagių.	I hate liars.	melagių	2	melagis	Ncmpgn-
Bijaũ žẽmės drebė́jimų.	Bijau žemės drebėjimų.	I'm afraid of earthquakes.	drebėjimų	2	drebėjimas	Ncmpgn-
Daržè ỹra gražių̃ gėlių̃.	Darže yra gražių gėlių.	There are pretty flowers in the garden.	gėlių	3	gėlė	Ncfpgn-
Jéi negãli turė́ti vaikų̃, tù visadà galė́tum įsivaĩkinti.	Jei negali turėti vaikų, tu visada galėtum įsivaikinti.	If you can't have children, you could always adopt.	vaikų	3	vaikas	Ncmpgn-
Jì sãko kàd tù atsivèsi draugų̃.	Ji sako kad tu atsivesi draugų.	She says you'll bring some friends along.	draugų	5	draugas	Ncmpgn-
Kãtės mė́gsta lakstýti pãskui siū́lų kamuoliukùs.	Katės mėgsta lakstyti paskui siūlų kamuoliukus.	Cats love to run after balls of wool.	siūlų	4	siūlas	Ncmpgn-
Kãtės neė́da banãnų.	Katės neėda bananų.	Cats don't eat bananas.	bananų	2	bananas	Ncmpgn-
Nekalbė́k apiẽ žmónes jíems ùž nùgarų.	Nekalbėk apie žmones jiems už nugarų.	Don't talk about people behind their backs.	nugarų	5	nugara	Ncfpgn-
Nepakeičiamų̃ žmonių̃ nėrà.	Nepakeičiamų žmonių nėra.	Nobody's indispensable.	žmonių	1	žmogus	Ncmpgn-
Neturė́tum kalbė́ti apiẽ žmónes jíems ùž nùgarų.	Neturėtum kalbėti apie žmones jiems už nugarų.	You shouldn't talk about people behind their backs.	nugarų	6	nugara	Ncfpgn-
Niẽkas, išskýrus tavè, nemóka gamìnti tokių̃ skanių̃ salõtų.	Niekas, išskyrus tave, nemoka gaminti tokių skanių salotų.	No one other than you knows how to make such a tasty salad.	salotų	9	salotos	Ncfpgn-
Paaugliaĩ nóri būtì nepriklaũsomi nuõ tėvų̃.	Paaugliai nori būti nepriklausomi nuo tėvų.	Teenagers want to be independent of their parents.	tėvų	5	tėvai	Ncmpgn-
Pagal̃ órų prognòzę, rytój lìs.	Pagal orų prognozę, rytoj lis.	According to the weather forecast, it is going to rain tomorrow.	orų	1	oras	Ncmpgn-
Paũkštis ieškójo kirmėlių̃.	Paukštis ieškojo kirmėlių.	The bird was looking for worms.	kirmėlių	2	kirmėlė	Ncfpgn-
Rõžių kvãpas pripìldė kam̃barį.	Rožių kvapas pripildė kambarį.	The smell of roses filled the room.	Rožių	0	rožė	Ncfpgn-
Saũsis ỹra pìrmas mẽtų mė́nuo.	Sausis yra pirmas metų mėnuo.	January is the first month of the year.	metų	3	metai	Ncmpgn-
Šiañdien ỹra karščiáusia mẽtų dienà.	Šiandien yra karščiausia metų diena.	Today is the hottest day this year.	metų	3	metai	Ncmpgn-
Šiẽmet obuolių̃ der̃lius bùvo gáusus.	Šiemet obuolių derlius buvo gausus.	There has been a good apple harvest this year.	obuolių	1	obuolys	Ncmpgn-
Tòmas sugrióvė vaikų̃ pastatýtą smė̃lio pìlį.	Tomas sugriovė vaikų pastatytą smėlio pilį.	Tom destroyed the children's sand castle.	vaikų	2	vaikas	Ncmpgn-
Apskaičiúok kíek pinigų̃ mùms reikė̃s kitaĩs mẽtais.	Apskaičiuok kiek pinigų mums reikės kitais metais.	Calculate how much money we will need next year.	pinigų	2	pinigas	Ncmpgn-
Architèktas pritáikė šį̃ nãmą senų̃ žmonių̃ póreikiams.	Architektas pritaikė šį namą senų žmonių poreikiams.	The architect adapted the house to the needs of old people.	žmonių	5	žmogus	Ncmpgn-
Ar̃ jū̃s nusipir̃kote bùlvių?	Ar jūs nusipirkote bulvių?	Did you buy some potatoes?	bulvių	3	bulvė	Ncfpgn-
Ar̃ tùrite pigesnių̃ kambarių̃?	Ar turite pigesnių kambarių?	Do you have any cheaper rooms?	kambarių	3	kambarys	Ncmpgn-
Àš turiù nuskustì vìsą kìbirą obuolių̃ uogiẽnei.	Aš turiu nuskusti visą kibirą obuolių uogienei.	I have to peel a whole bucket of apples for a jam.	obuolių	5	obuolys	Ncmpgn-
Gaisraĩ ỹra vìs mažiaũ baĩsūs neĩ kadáise, kadángi vìs daugiaũ namų̃ stãtomi ìš betòno, õ namaĩ ìš betòno nèdega taĩp lengvaĩ kaĩp sẽni medìniai.	Gaisrai yra vis mažiau baisūs nei kadaise, kadangi vis daugiau namų statomi iš betono, o namai iš betono nedega taip lengvai kaip seni mediniai.	Fires are less frightening today than they once were, because more and more houses are built of concrete, and concrete houses do not burn as easily as the old wooden ones.	namų	11	namai	Ncmpgn-
Japònijai trū́ksta žãliavų.	Japonijai trūksta žaliavų.	Japan is lacking in raw materials.	žaliavų	2	žaliava	Ncfpgn-
Jéi àš turė́čiau pinigų̃, keliáučiau apliñk pasáulį.	Jei aš turėčiau pinigų, keliaučiau aplink pasaulį.	If I had money, I would travel around the world.	pinigų	3	pinigas	Ncmpgn-
Jiẽ ỹra žmónės, gyvẽnantis ùž gretimų̃ dùrų.	Jie yra žmonės, gyvenantis už gretimų durų.	They are the people who live next door.	durų	7	durys	Ncfpgn-
Kiekvíenas asmuõ užmokė́jo tū́kstantį dólerių.	Kiekvienas asmuo užmokėjo tūkstantį dolerių.	Each person paid a thousand dollars.	dolerių	4	doleris	Ncmpgn-
Láimė priklaũso nè tíek nuõ išorìnių aplinkýbių, kíek nuõ mū́sų póžiūrio į̃ gyvẽnimą.	Laimė priklauso ne tiek nuo išorinių aplinkybių, kiek nuo mūsų požiūrio į gyvenimą.	Happiness depends, not so much on circumstances, as on one's way of looking at one's life.	aplinkybių	6	aplinkybė	Ncfpgn-
Mán nesìseka rašýti sakinių̃.	Man nesiseka rašyti sakinių.	I'm bad at writing sentences.	sakinių	3	sakinys	Ncmpgn-
Mẽs nórime užbaĩgtų sakinių̃.	Mes norime užbaigtų sakinių.	We want complete sentences.	sakinių	3	sakinys	Ncmpgn-
Mùms reikė̃s dvìdešimt kauliùkų tám kàd žaĩstume šį̃ žaidìmą.	Mums reikės dvidešimt kauliukų tam kad žaistume šį žaidimą.	We'll need twenty dice to play this game.	kauliukų	3	kauliukas	Ncmpgn-
Parašýta leñgva ánglų kalbà, šì knygà ỹra lengvaĩ skaĩtoma.	Parašyta lengva anglų kalba, ši knyga yra lengvai skaitoma.	Written in easy English, the book is easy to read.	anglų	2	anglas	Ncmpgn-
Šì knygà tùri daũg gražių̃ paveikslė̃lių.	Ši knyga turi daug gražių paveikslėlių.	This book has many beautiful pictures.	paveikslėlių	5	paveikslėlis	Ncmpgn-
Šiojè knỹgoje ỹra daũg gražių̃ paveikslė̃lių.	Šioje knygoje yra daug gražių paveikslėlių.	This book has many beautiful pictures.	paveikslėlių	5	paveikslėlis	Ncmpgn-
Tíek tõ, išver̃siu dár penkiólika sakinių̃ ir̃ tadà išeĩsiu.	Tiek to, išversiu dar penkiolika sakinių ir tada išeisiu.	All right. I'll translate another fifteen sentences in German, and then leave.	penkiolika	5	sakinys	Ncmpgn-
Tòmas tìkisi kàd šią̃nakt jìs likùčių ir̃ vė̃l neválgys.	Tomas tikisi kad šiąnakt jis likučių ir vėl nevalgys.	Tom hopes he won't be eating leftovers again tonight.	likučių	5	likutis	Ncmpgn-
Vaikų̃ jì taĩp daugiaũ ir̃ nebemãtė.	Vaikų ji taip daugiau ir nebematė.	She was never to see her children again.	Vaikų	0	vaikas	Ncmpgn-
Daũg jaunų̃ žmonių̃ Ispãnijoje ỹra bedar̃biai.	Daug jaunų žmonių Ispanijoje yra bedarbiai.	Many young people in Spain are unemployed.	žmonių	2	žmogus	Ncmpgn-
Dìkui bùvo dẽšimt mẽtų kaĩ jìs nùmirė.	Dikui buvo dešimt metų kai jis numirė.	Dick was ten years old when he died.	metų	3	metai	Ncmpgn-
Išver̃skite šią̃ knỹgą į̃ ánglų kal̃bą.	Išverskite šią knygą į anglų kalbą.	Translate this book into English.	anglų	4	anglas	Ncmpgn-
Jìs greĩtai priprãto priẽ šaltų̃ órų.	Jis greitai priprato prie šaltų orų.	He soon accustomed himself to cold weather.	orų	5	oras	Ncmpgn-
Mẽs suválgėme labaĩ daũg obuolių̃.	Mes suvalgėme labai daug obuolių.	We ate a whole load of apples.	obuolių	4	obuolys	Ncmpgn-
Nėrà dviejų̃ vienódų snaĩgių.	Nėra dviejų vienodų snaigių.	No two snowflakes are exactly alike.	snaigių	3	snaigė	Ncfpgn-
Neturiù nė̃ menkiáusio ketìnimo tráuktis ìš pareigų̃.	Neturiu nė menkiausio ketinimo trauktis iš pareigų.	I don't have the slightest intention of retiring.	pareigų	6	pareigos	Ncfpgn-
Taĩs laikaĩs nebùvo rãdijų.	Tais laikais nebuvo radijų.	In those days, there were no radios.	radijų	3	radijas	Ncmpgn-
Tòmas prarãdo interèsą mókytis prancū̃zų kalbõs.	Tomas prarado interesą mokytis prancūzų kalbos.	Tom has lost interest in studying French.	prancūzų	4	prancūzas	Ncmpgn-
Tòmas taĩp ir̃ nesugebė́jo pamirštì kãro baisýbių.	Tomas taip ir nesugebėjo pamiršti karo baisybių.	Tom could never forget the horror of the war.	baisybių	6	baisybė	Ncfpgn-
Vỹnas ỹra dãromas ìš vỹnuogių.	Vynas yra daromas iš vynuogių.	Wine is made from grapes.	vynuogių	4	vynuogė	Ncfpgn-
Ámžina tylà šių̃ begalìnių erdvių̃ manè baugìna.	Amžina tyla šių begalinių erdvių mane baugina.	The eternal silence of these infinite spaces terrifies me.	erdvių	4	erdvė	Ncfpgn-
Àš išspáusdinau šim̃tą pùslapių.	Aš išspausdinau šimtą puslapių.	I have printed 100 pages.	puslapių	3	puslapis	Ncmpgn-
Àš manaũ, kàd daũgumai žmonių̃ mókytis trigonomètrines fùnkcijas ỹra beprãsmiška.	Aš manau, kad daugumai žmonių mokytis trigonometrines funkcijas yra beprasmiška.	I think that for many people learning the trigonometric functions is meaningless.	žmonių	5	žmogus	Ncmpgn-
Įsigýkime Kalė̃dų eglùtę.	Įsigykime Kalėdų eglutę.	Let's go get a Christmas tree.	Kalėdų	1	kalėda	Ncfpgn-
Ìš žmonių̃ pasigir̃do šū́ksnis.	Iš žmonių pasigirdo šūksnis.	A shout arose from the people.	žmonių	1	žmogus	Ncmpgn-
Jéigu nebūtų̃ óro, žmogùs nepragyvéntų nė̃ dẽšimt minùčių.	Jeigu nebūtų oro, žmogus nepragyventų nė dešimt minučių.	If there were no air, man could not live even ten minutes.	minučių	8	minutė	Ncfpgn-
Jìs parsìvežė suvenỹrų.	Jis parsivežė suvenyrų.	He brought back several souvenirs.	suvenyrų	2	suvenyras	Ncmpgn-
Kaĩ mẽs pažiūrė́jome žemỹn, mẽs pamãtėme daũg pastatų̃.	Kai mes pažiūrėjome žemyn, mes pamatėme daug pastatų.	When we looked down, we saw many buildings.	pastatų	8	pastatas	Ncmpgn-
Kíek tù tùri brólių ir̃ sẽsių?	Kiek tu turi brolių ir sesių?	How many siblings do you have?	brolių	3	brolis	Ncmpgn-
Kíek tù tùri brólių ir̃ sẽsių?	Kiek tu turi brolių ir sesių?	How many siblings do you have?	sesių	5	sesė	Ncfpgn-
Mán užtẽko sutaupýtų pinigų̃ nusipir̃kti nórimą gitãrą.	Man užteko sutaupytų pinigų nusipirkti norimą gitarą.	I had enough money saved to buy the guitar I want.	pinigų	3	pinigas	Ncmpgn-
Nedė́k vilčių̃, kàd jìs paskõlins táu pinigų̃.	Nedėk vilčių, kad jis paskolins tau pinigų.	Don't count on him to lend you any money.	vilčių	1	viltis	Ncfpgn-
Nedė́k vilčių̃, kàd jìs paskõlins táu pinigų̃.	Nedėk vilčių, kad jis paskolins tau pinigų.	Don't count on him to lend you any money.	pinigų	7	pinigas	Ncmpgn-
Nesitikė́k, kàd jìs paskõlins táu pinigų̃.	Nesitikėk, kad jis paskolins tau pinigų.	Don't count on him to lend you any money.	pinigų	6	pinigas	Ncmpgn-
Rugsė́jo mė́nesį vandenýne bū̃na gausù medū̃zų.	Rugsėjo mėnesį vandenyne būna gausu medūzų.	There are lots of jellyfish in the ocean in September.	medūzų	5	medūza	Ncfpgn-
Turiù vyrèsnįjį brólį, kurìs ỹra tàvo mẽtų.	Turiu vyresnįjį brolį, kuris yra tavo metų.	I have an older brother who's the same age as you.	metų	7	metai	Ncmpgn-
Geriáusias bū̃das išmoktì prancū̃zų kal̃bą ỹra pagyvénti prancūzakal̃bėje šalyjè.	Geriausias būdas išmokti prancūzų kalbą yra pagyventi prancūzakalbėje šalyje.	The best way to learn French is to live in a French-speaking country.	prancūzų	3	prancūzas	Ncmpgn-
Greĩtai ìš pietų̃ parskrìs kregždùtės.	Greitai iš pietų parskris kregždutės.	Soon, swallows will come from the south.	pietų	2	pietūs	Ncmpgn-
Japònijoje studijúojama ánglų kalbà.	Japonijoje studijuojama anglų kalba.	English is studied in Japan.	anglų	2	anglas	Ncmpgn-
Japònijoje ỹra mókomasi ánglų kalbõs.	Japonijoje yra mokomasi anglų kalbos.	English is studied in Japan.	anglų	3	anglas	Ncmpgn-
Mán reĩkia analgètikų.	Man reikia analgetikų.	I need an analgesic.	analgetikų	2	analgetikas	Ncmpgn-
Metùs sudãro dvýlika mė́nesių: saũsis, vasãris, kovàs, balañdis, gegužė̃, biržẽlis, líepa, rugpjū́tis, rugsė́jis, spãlis, lãpkritis ir̃ grúodis.	Metus sudaro dvylika mėnesių: sausis, vasaris, kovas, balandis, gegužė, birželis, liepa, rugpjūtis, rugsėjis, spalis, lapkritis ir gruodis.	January, February, March, April, May, June, July, August, September, October, November and December are the twelve months of the year.	mėnesių	3	mėnuo	Ncmpgn-
Mókslas, bičiùli, padarýtas ìš klaidų̃, tačiaũ gerų̃jų, kadángi jõs palaipsniuĩ priar̃tina tavè priẽ tiesõs.	Mokslas, bičiuli, padarytas iš klaidų, tačiau gerųjų, kadangi jos palaipsniui priartina tave prie tiesos.	Science, my lad, is made out of errors, but of good ones, for they bring you step by step closer to the truth.	klaidų	6	klaida	Ncfpgn-
Põ kelių̃ mẽtų žmónės teĩgs, kàd paskutìnis dìdelis kãras bùvo daugiaũ neĩ priẽš šim̃tmetį.	Po kelių metų žmonės teigs, kad paskutinis didelis karas buvo daugiau nei prieš šimtmetį.	In some years from now, people will say the last great war was over a hundred years ago.	kelių	1	kelis	Ncmpgn-
Põ kelių̃ mẽtų žmónės teĩgs, kàd paskutìnis dìdelis kãras bùvo daugiaũ neĩ priẽš šim̃tmetį.	Po kelių metų žmonės teigs, kad paskutinis didelis karas buvo daugiau nei prieš šimtmetį.	In some years from now, people will say the last great war was over a hundred years ago.	metų	2	metai	Ncmpgn-
Prancūzìjos kománda pel̃nė tíek pàt į́varčių, kíek ir̃ Ánglijos.	Prancūzijos komanda pelnė tiek pat įvarčių, kiek ir Anglijos.	The French team scored as many goals as the English team.	pat	4	įvartis	Ncmpgn-
Skubė́jau į̃ autobùsų stotẽlę, tám kàd nepavėluočiaũ į̃ paskutìnį autobùsą.	Skubėjau į autobusų stotelę, tam kad nepavėluočiau į paskutinį autobusą.	I hurried to the bus stop so that I would not miss the last bus.	autobusų	2	autobusas	Ncmpgn-
Tòmas liẽpė Mèrei nešvaistýti pinigų̃ tokiám dalỹkui.	Tomas liepė Merei nešvaistyti pinigų tokiam dalykui.	Tom told Mary not to waste her money on such a thing.	pinigų	4	pinigas	Ncmpgn-
Vãkar àš prìkepiau pyrãgų sù grỹbais.	Vakar aš prikepiau pyragų su grybais.	Yesterday I baked pastries with mushrooms.	pyragų	3	pyragas	Ncmpgn-
Vienà màno svajõnių - kadà nórs pamatýti Šiáurės pašváistę.	Viena mano svajonių - kada nors pamatyti Šiaurės pašvaistę.	One of my dreams is to one day see the aurora borealis.	svajonių	2	svajonė	Ncfpgn-
Visãtoje ỹra nesuskaičiúojama daugýbė žvaigždžių̃.	Visatoje yra nesuskaičiuojama daugybė žvaigždžių.	There are innumerable stars in the universe.	žvaigždžių	4	žvaigždė	Ncfpgn-
Visì keliaĩ vẽdantys į̃ miẽstą ỹra pilnì automobìlių.	Visi keliai vedantys į miestą yra pilni automobilių.	All the roads leading into the city are full of cars.	automobilių	7	automobilis	Ncmpgn-
Alkohòlis neišspréndžia jokių̃ problèmų.	Alkoholis neišsprendžia jokių problemų.	Alcohol doesn't solve any problems.	problemų	3	problema	Ncfpgn-
Ankarojè, visì mẽtų laikaĩ ỹra tar̃si žiemà.	Ankaroje, visi metų laikai yra tarsi žiema.	In Ankara, all the seasons are like winter.	metų	3	metai	Ncmpgn-
Ar̃ žmonių̃ padėtìs pakañkamai lankstì, kàd jiẽ prisitáikytų priẽ nežẽmiškos aplinkõs?	Ar žmonių padėtis pakankamai lanksti, kad jie prisitaikytų prie nežemiškos aplinkos?	Is the human condition flexible enough to adapt to environments beyond Earth?	žmonių	1	žmogus	Ncmpgn-
Àš negaliù uždarýti šių̃ dùrų. Jõs sulū́žusios.	Aš negaliu uždaryti šių durų. Jos sulūžusios.	I can't close this door. It's broken.	durų	4	durys	Ncfpgn-
Àš turiù vìs daugiaũ ir̃ daugiaũ žilų̃ plaukų̃.	Aš turiu vis daugiau ir daugiau žilų plaukų.	I'm getting more and more gray hair.	plaukų	7	plaukas	Ncmpgn-
Marìlė turė́jo problèmų sù plaũčiais.	Marilė turėjo problemų su plaučiais.	Marilla had problems with her lungs.	problemų	2	problema	Ncfpgn-
Mė́gstu tènisą labiáusiai ìš visų̃ spòrtų.	Mėgstu tenisą labiausiai iš visų sportų.	I like tennis the best of all sports.	sportų	5	sportas	Ncmpgn-
Mẽs pàpuošėme Kalė̃dų eglùtę žiburė̃liais.	Mes papuošėme Kalėdų eglutę žiburėliais.	We decorated the Christmas tree with lights.	Kalėdų	2	Kalėdos	Npfpgn-
Niekadà nemaitìnkite sàvo katė̃s šunų̃ maistù.	Niekada nemaitinkite savo katės šunų maistu.	Never feed dog food to your cat.	šunų	4	šuo	Ncmpgn-
Parỹžius vadìnamas žiburių̃ miestù. Daũg gražių̃ pastatų̃ nãktį ỹra apšviestì.	Paryžius vadinamas žiburių miestu. Daug gražių pastatų naktį yra apšviesti.	Paris is called the City of Lights. Many beautiful buildings are lit at night.	žiburių	2	žiburys	Ncmpgn-
Parỹžius vadìnamas žiburių̃ miestù. Daũg gražių̃ pastatų̃ nãktį ỹra apšviestì.	Paryžius vadinamas žiburių miestu. Daug gražių pastatų naktį yra apšviesti.	Paris is called the City of Lights. Many beautiful buildings are lit at night.	pastatų	7	pastatas	Ncmpgn-
Šiamè internètiniame pùslapyje daugiaũ ỹra narių̃ výrų neĩ móterų.	Šiame internetiniame puslapyje daugiau yra narių vyrų nei moterų.	There are more male members than female ones on this website.	narių	5	narys	Ncmpgn-
Šiamè internètiniame pùslapyje daugiaũ ỹra narių̃ výrų neĩ móterų.	Šiame internetiniame puslapyje daugiau yra narių vyrų nei moterų.	There are more male members than female ones on this website.	vyrų	6	vyras	Ncmpgn-
Šiamè internètiniame pùslapyje daugiaũ ỹra narių̃ výrų neĩ móterų.	Šiame internetiniame puslapyje daugiau yra narių vyrų nei moterų.	There are more male members than female ones on this website.	moterų	8	moteris	Ncfpgn-
Šiõ metòdo veiksmingùmas bùvo patvìrtintas daũgelio žmonių̃ patirtimì.	Šio metodo veiksmingumas buvo patvirtintas daugelio žmonių patirtimi.	The effectiveness of this method was confirmed by many people's experiences.	žmonių	6	žmogus	Ncmpgn-
Taĩ ỹra pigiáusias ìš visų̃ metòdų.	Tai yra pigiausias iš visų metodų.	This is the least expensive method of all.	metodų	5	metodas	Ncmpgn-
Žaidýmų aikštẽlėje ỹra dvì mergáitės.	Žaidymų aikštelėje yra dvi mergaitės.	There are two girls in the playground.	Žaidymų	0	žaidymas	Ncmpgn-
Àš kasmẽt perkù naujų̃ są́siuvinių mokỹklai.	Aš kasmet perku naujų sąsiuvinių mokyklai.	Every year, I buy new notebooks for school.	sąsiuvinių	4	sąsiuvinis	Ncmpgn-
Àš žinaũ ìš patirtiẽs; žaistì fùtbolą basam̃ ỹra blõga idė́ja. Tù gãli lengvaĩ liktì sù sulaužtaĩs kójų pir̃štais.	Aš žinau iš patirties; žaisti futbolą basam yra bloga idėja. Tu gali lengvai likti su sulaužtais kojų pirštais.	I know from experience; playing football barefoot is a bad idea. You could easily end up with broken toes.	kojų	18	koja	Ncfpgn-
Kíek obelų̃ áuga tàvo sodè?	Kiek obelų auga tavo sode?	How many apple trees do you have in your orchard?	obelų	1	obelis	Ncfpgn-
Manaũ, mùms reikė̃s daugiaũ skė̃čių.	Manau, mums reikės daugiau skėčių.	I think we're going to need more umbrellas.	skėčių	5	skėtis	Ncmpgn-
Mė́gstu eitì į̃ párką ir̃ stebė́ti žaidìmų aikštẽlėje besilìnksminančius vaikùs.	Mėgstu eiti į parką ir stebėti žaidimų aikštelėje besilinksminančius vaikus.	I like to go to the park and watch the children in the playground enjoying themselves.	žaidimų	6	žaidimas	Ncmpgn-
Mẽs pagamìnom voverių̃ fòrmos sausaĩnių.	Mes pagaminom voverių formos sausainių.	We made some squirrel-shaped cookies.	voverių	2	voverė	Ncfpgn-
Mẽs pagamìnom voverių̃ fòrmos sausaĩnių.	Mes pagaminom voverių formos sausainių.	We made some squirrel-shaped cookies.	sausainių	4	sausainis	Ncmpgn-
Nė̃ vienà ìš tų̃ gėlių̃ nėrà plãstikinė.	Nė viena iš tų gėlių nėra plastikinė.	None of the flowers are made of plastic.	tų	3	gėlė	Ncfpgn-
Pagal̃ mókslininkus, atmosferà tam̃pa vìs šiltèsnė mẽtai põ mẽtų.	Pagal mokslininkus, atmosfera tampa vis šiltesnė metai po metų.	According to scientists, the atmosphere is getting warmer year after year.	metų	9	metai	Ncmpgn-
Šiáurės Amèrikos architektū̃roje ir̃ gyvẽnimo būdè výrauja kairỹsis smegenų̃ pùsrutulis.	Šiaurės Amerikos architektūroje ir gyvenimo būde vyrauja kairysis smegenų pusrutulis.	The left brain predominates the architecture and lifestyle in North America.	smegenų	8	smegenys	Ncfpgn-
Apsistókime kur̃ nórs, kur̃ bū́tų geràs susisiekìmas sù óro úostų.	Apsistokime kur nors, kur būtų geras susisiekimas su oro uostų.	Let's stay somewhere with easy airport access.	oro	9	uostas	Ncmpgn-
Àš verčiaũ, àš verčiù, àš ver̃siu, àš ver̃sčiau. Bèt tìk jéi uždìrbčiau pinigų̃.	Aš verčiau, aš verčiu, aš versiu, aš versčiau. Bet tik jei uždirbčiau pinigų.	I translated, I translate, I will translate, I would translate... but only if I make money.	pinigų	16	pinigas	Ncmpgn-
Daũg studijavaũ tíek katès, tíek filosofùs. Kačių̃ išmintìs daugýbę kar̃tų pranašèsnė.	Daug studijavau tiek kates, tiek filosofus. Kačių išmintis daugybę kartų pranašesnė.	I have much studied both cats and philosophers. The wisdom of cats is infinitely superior.	Kačių	8	katė	Ncfpgn-
Daũg studijavaũ tíek katès, tíek filosofùs. Kačių̃ išmintìs daugýbę kar̃tų pranašèsnė.	Daug studijavau tiek kates, tiek filosofus. Kačių išmintis daugybę kartų pranašesnė.	I have much studied both cats and philosophers. The wisdom of cats is infinitely superior.	kartų	11	kartas	Ncmpgn-
Kadáise Nigèrija bùvo Brìtų kolònija.	Kadaise Nigerija buvo Britų kolonija.	At one time Nigeria was a British colony.	Britų	3	britas	Ncmpgn-
Kènas mintinaĩ išmóko daũg japòniškų dainų̃.	Kenas mintinai išmoko daug japoniškų dainų.	Ken learned many Japanese songs by heart.	dainų	5	daina	Ncfpgn-
Kíek pándų ỹra šiamè zoològijos sodè?	Kiek pandų yra šiame zoologijos sode?	How many pandas are there in this zoo?	pandų	1	panda	Ncfpgn-
